1000 100000.0 0 13.119601485820036 91.398 815 (r5:1,((r3:1,(r2:1,(r0:1,r1:1)1:0.126562723308)1:0.134031017916)0.78:0.0307716586668,(r4:1,(r6:1,r7:1)1:0.163636083811)0.43:0.00877968765205):0); 0.17556643393915275 0.11428571428571432 (r6:1,(r7:1,(r5:1,(r4:1,(r3:1,(r2:1,(r1:1,r0:1)1:0.283097194491)1:0.30735483805)0.88:0.0397403286495)0.98:0.057173105139)1:0.246772169708):0); 0.0 0.0
1000 100000.0 10 13.150643379842176 91.241 807 (r7:1,(r6:1,(r5:1,((r3:1,r4:1)0.54:0.0162823571976,((r0:1,r1:1)1:0.0868842394903,r2:1)1:0.163959703648)0.38:0.00312676134926)1:0.124863487555):0); 0.20410776171712283 0.12857142857142856 (r4:1,((r5:1,(r6:1,r7:1)1:0.227774637881)0.95:0.0488775805775,(r3:1,(r2:1,(r0:1,r1:1)1:0.340396008472)1:0.342082349512)0.56:0.0176371414861):0); 0.0 0.0
1000 100000.0 11 13.219010997089809 90.642 820 (r4:1,(((r7:1,r6:1)1:0.166906515859,(r3:1,(r2:1,(r0:1,r1:1)1:0.159760792718)1:0.133602752385)0.87:0.038441795809)0.68:0.0240122746422,r5:1):0); 0.19443359141936595 0.11428571428571432 (r3:1,((r2:1,(r0:1,r1:1)1:0.346734504233)1:0.30582773162,((r5:1,(r7:1,r6:1)1:0.242561637171)0.66:0.0219039844506,r4:1)0.62:0.0195029718976):0); 0.0 0.0
1000 100000.0 12 13.03757830764973 92.583 813 (r4:1,((r3:1,(r2:1,(r0:1,r1:1)1:0.126902917222)1:0.154587838304)0.62:0.0196727655987,((r7:1,r6:1)1:0.120120931241,r5:1)0.58:0.0173194492002):0); 0.0 0.0 (r4:1,((r5:1,(r3:1,(r2:1,(r0:1,r1:1)1:0.300754154019)1:0.318375667715)0.8:0.0333505305507)0.78:0.0299210961908,(r7:1,r6:1)1:0.270841654657):0); 0.17556643393915275 0.11428571428571432
1000 100000.0 13 13.176098775735111 90.88 837 (r7:1,(r6:1,(r5:1,(r4:1,(r3:1,(r2:1,(r0:1,r1:1)1:0.118770036068)1:0.121685182094)0.71:0.0271723746371)0.62:0.0194180858571)1:0.149267517002):0); 0.0 0.0 (r7:1,(r6:1,(r5:1,(r4:1,(r3:1,(r2:1,(r0:1,r1:1)1:0.256020790545)1:0.299742520144)0.93:0.044777247679)0.6:0.0288204385355)1:0.233814671344):0); 0.0 0.0
1000 100000.0 14 13.179576333950642 90.871 827 (r4:1,((r3:1,(r2:1,(r0:1,r1:1)1:0.165756225948)1:0.141339734887)0.82:0.0330062964682,((r6:1,r7:1)1:0.140606454719,r5:1)0.6:0.0178913680033):0); 0.0 0.0 (r6:1,(r7:1,((r3:1,(r2:1,(r0:1,r1:1)1:0.350131535101)1:0.311182838131)0.98:0.0583638177227,(r5:1,r4:1)0.49:0.0123764733564)1:0.263257520445):0); 0.19443359141936595 0.11428571428571432
1000 100000.0 15 13.167992325581716 91.339 815 (r5:1,((r4:1,(r2:1,(r0:1,r1:1)1:0.136132174325)1:0.152403954492)0.46:0.00869570696755,(r3:1,(r6:1,r7:1)1:0.161168252486)0.45:0.00915768803455):0); 0.29942994635879155 0.24285714285714288 (r4:1,((r5:1,(r6:1,r7:1)1:0.263013826036)0.61:0.0186544355718,(r3:1,((r0:1,r1:1)1:0.315025548124,r2:1)1:0.335511160142)0.75:0.0285420033395):0); 0.0 0.0
1000 100000.0 16 13.183577433681592 90.929 832 (r7:1,(r6:1,((r3:1,(r4:1,(r2:1,(r0:1,r1:1)1:0.147529293029)1:0.154806489229)0.45:0.00869570696755)0.8:0.0326836845997,r5:1)1:0.139227619617):0); 0.1790338045715902 0.12857142857142856 (r7:1,(r6:1,(r5:1,((r2:1,(r1:1,r0:1)1:0.222145048985)1:0.348473319279,(r4:1,r3:1)0.47:0.0150984247126)0.47:0.00970718919531)1:0.277543828374):0); 0.20410776171712283 0.12857142857142856
1000 100000.0 17 13.234091286666445 91.018 827 (r3:1,(((r4:1,r5:1)0.77:0.030363946463,(r7:1,r6:1)1:0.115148522024)0.83:0.0359792192291,(r2:1,(r1:1,r0:1)1:0.104694736672)1:0.133602752385):0); 0.19443359141936595 0.11428571428571432 (r2:1,((r3:1,(r4:1,(r5:1,(r7:1,r6:1)1:0.230035377352)0.88:0.0408454088803)0.9:0.042516180536)1:0.326123868261,(r1:1,r0:1)1:0.257182905725):0); 0.0 0.0
1000 100000.0 18 13.16869241183659 91.095 813 (r6:1,(r7:1,(r3:1,((r4:1,r5:1)0.52:0.0130720815674,((r1:1,r0:1)1:0.130994296949,r2:1)1:0.134816648067)0.47:0.00978800636616)1:0.149267517002):0); 0.31325379773618617 0.2857142857142857 (r6:1,(r7:1,((r4:1,(r3:1,(r2:1,(r0:1,r1:1)1:0.32493070546)1:0.297470078818)0.98:0.0596884966818)0.83:0.0340393544113,r5:1)1:0.247155825956):0); 0.0 0.0
1000 100000.0 19 13.172673401820811 91.217 836 (r1:1,(r0:1,((r3:1,(r5:1,(r4:1,(r6:1,r7:1)1:0.138883207696)0.53:0.0156056527224)0.6:0.0179761245402)1:0.136389762443,r2:1)1:0.13236181853):0); 0.17556643393915275 0.11428571428571432 (r0:1,(r1:1,(r2:1,(r3:1,(r4:1,(r5:1,(r6:1,r7:1)1:0.300349377653)0.73:0.0263173083174)0.54:0.0147604155831)1:0.278483747808)1:0.262624038466):0); 0.0 0.0
1000 100000.0 1 13.207074367426463 90.491 829 (r5:1,((r3:1,(r2:1,(r0:1,r1:1)1:0.137162925146)1:0.118938798198)0.48:0.0103766621457,(r4:1,(r6:1,r7:1)1:0.126902917222)0.52:0.0146548111561):0); 0.17556643393915275 0.11428571428571432 (r5:1,((r7:1,r6:1)1:0.260677376375,(r4:1,((r2:1,(r0:1,r1:1)1:0.384752041536)1:0.279474092034,r3:1)0.93:0.044255009004)0.65:0.0222869794763):0); 0.0 0.0
1000 100000.0 20 13.184963250757972 91.052 807 (r5:1,(r4:1,((r6:1,r7:1)1:0.135960485767,(r3:1,((r0:1,r1:1)1:0.147182010511,r2:1)1:0.115989564967)0.92:0.0437765296891)0.51:0.0142747275331):0); 0.19443359141936595 0.11428571428571432 (r6:1,(r7:1,(r5:1,(r4:1,(r3:1,((r0:1,r1:1)1:0.355248817057,r2:1)1:0.295202789775)0.97:0.0527727705838)0.82:0.0377283208314)1:0.292691601012):0); 0.0 0.0
1000 100000.0 21 13.173680143129811 90.776 827 (r6:1,(r7:1,(r5:1,((r3:1,(r2:1,(r0:1,r1:1)1:0.142678278665)1:0.129330154558)0.37:0.00283451627881,r4:1)0.57:0.0169383516346)1:0.147876696194):0); 0.0 0.0 (r0:1,(r1:1,(r2:1,(r3:1,(r4:1,((r6:1,r7:1)1:0.278335280731,r5:1)0.49:0.0167478573012)0.63:0.0201823197499)1:0.303034079009)1:0.315436310094):0); 0.0 0.0
1000 100000.0 22 13.100574026554895 91.568 821 (r7:1,(r6:1,((r4:1,(r3:1,(r2:1,(r1:1,r0:1)1:0.146140886003)1:0.137034023176)0.62:0.021372290141)0.59:0.0173194492002,r5:1)1:0.128946514664):0); 0.0 0.0 (r5:1,((r4:1,(r6:1,r7:1)1:0.269271179265)0.37:0.00293887971413,(r3:1,((r1:1,r0:1)1:0.269271179265,r2:1)1:0.321463062309)0.65:0.0244387320668):0); 0.17556643393915275 0.11428571428571432
1000 100000.0 23 13.20621590092691 91.086 818 (r1:1,(r0:1,(r2:1,(r3:1,(r4:1,(r5:1,(r6:1,r7:1)1:0.108362018662)0.74:0.0297848517648)0.56:0.0154365481309)1:0.128690836476)1:0.154150679827):0); 0.0 0.0 (r3:1,(r4:1,((r2:1,(r1:1,r0:1)1:0.324101518016)1:0.355355706053,((r6:1,r7:1)1:0.274778667616,r5:1)0.5:0.0120604476925)0.69:0.0276857655956):0); 0.20410776171712283 0.12857142857142856
1000 100000.0 24 13.200800220350168 91.263 827 (r4:1,(r3:1,((r5:1,(r2:1,(r0:1,r1:1)1:0.136819223476)1:0.156557419858)0.36:0.00187488336904,(r6:1,r7:1)1:0.123802929603)0.73:0.0305570525754):0); 0.3340250044126062 0.30000000000000004 (r7:1,(r6:1,((r5:1,(r3:1,(r2:1,(r0:1,r1:1)1:0.298731908638)1:0.261796244003)0.87:0.0378363903851)0.47:0.0142747275331,r4:1)1:0.291485500118):0); 0.17556643393915275 0.11428571428571432
1000 100000.0 25 13.217626826476844 90.446 821 (r5:1,((r7:1,r6:1)1:0.131336002061,(r4:1,(r3:1,(r2:1,(r1:1,r0:1)1:0.144408083628)1:0.126775330942)0.62:0.0195029718976)0.74:0.0286276674506):0); 0.0 0.0 (r5:1,((r4:1,(r3:1,(r2:1,(r0:1,r1:1)1:0.315847240858)1:0.330545776884)0.57:0.017128882263)0.93:0.0457353941745,(r6:1,r7:1)1:0.259511195485):0); 0.0 0.0
1000 100000.0 26 13.164517116794574 91.033 830 (r5:1,((r4:1,(r6:1,r7:1)1:0.15031190352)0.5:0.0123764733564,(r3:1,(r2:1,(r1:1,r0:1)1:0.0924571108219)1:0.149789573918)0.44:0.00735297430526):0); 0.17556643393915275 0.11428571428571432 (r0:1,(r1:1,(r2:1,(r3:1,(r4:1,((r6:1,r7:1)1:0.263403765601,r5:1)0.63:0.0207558786988)0.7:0.0252921929021)1:0.318883081518)1:0.320791626703):0); 0.0 0.0
1000 100000.0 27 13.260409528929499 90.744 823 (r7:1,(r6:1,(r5:1,(r4:1,(r3:1,(r2:1,(r0:1,r1:1)1:0.154500391319)1:0.131037003703)0.81:0.0324901674245)0.51:0.0123764733564)1:0.154850225151):0); 0.0 0.0 (r4:1,(((r6:1,r7:1)1:0.281954252035,(r3:1,(r2:1,(r1:1,r0:1)1:0.324516025794)1:0.264965046168)0.98:0.058893478752)0.68:0.0243960781395,r5:1):0); 0.19443359141936595 0.11428571428571432
1000 100000.0 28 13.215641130033083 90.825 818 (r6:1,((r4:1,(r5:1,(r3:1,(r2:1,(r1:1,r0:1)1:0.108696075788)1:0.149572017081)0.7:0.0246093659722)0.42:0.00670323574976)1:0.184681982766,r7:1):0); 0.17556643393915275 0.11428571428571432 (r0:1,(r1:1,(r2:1,(r3:1,(r4:1,((r7:1,r6:1)1:0.260288498284,r5:1)0.58:0.017128882263)0.82:0.0333505305507)1:0.296965792373)1:0.320791626703):0); 0.0 0.0
1000 100000.0 29 13.179834622283925 90.68 837 (r6:1,(r7:1,(r4:1,(r5:1,(r3:1,(r2:1,(r1:1,r0:1)1:0.145794085236)1:0.139184561639)0.48:0.0107131925207)0.4:0.00670323574976)1:0.106693404892):0); 0.17556643393915275 0.11428571428571432 (r5:1,((r7:1,r6:1)1:0.254860024309,((r3:1,(r2:1,(r1:1,r0:1)1:0.283097194491)1:0.312718150613)0.96:0.050715092579,r4:1)0.63:0.0207558786988):0); 0.0 0.0
1000 100000.0 2 13.159250495098098 91.198 816 (r5:1,((r4:1,(r3:1,(r2:1,(r0:1,r1:1)1:0.112378088316)1:0.126775330942)0.68:0.0232451092804)0.64:0.0247800289985,(r6:1,r7:1)1:0.135445596886):0); 0.0 0.0 (r1:1,((r2:1,((r4:1,r3:1)0.49:0.0108815001875,(r5:1,(r7:1,r6:1)1:0.238368758911)0.79:0.0304283110239)1:0.346487254881)1:0.284291224484,r0:1):0); 0.20410776171712283 0.12857142857142856
1000 100000.0 30 13.205260229077474 91.086 828 (r5:1,((r4:1,(r3:1,(r2:1,(r0:1,r1:1)1:0.132019762771)1:0.16226921043)0.6:0.0186544355718)0.86:0.0363676441709,(r6:1,r7:1)1:0.141641830136):0); 0.0 0.0 (r4:1,((r3:1,(r2:1,(r0:1,r1:1)1:0.368157774287)1:0.295454457072)0.46:0.0132407867554,((r7:1,r6:1)1:0.246772169708,r5:1)0.53:0.0180820803144):0); 0.0 0.0
1000 100000.0 31 13.124908715386669 91.041 815 (r4:1,((r6:1,r7:1)1:0.127243226907,(r5:1,(r3:1,(r2:1,(r1:1,r0:1)1:0.155900461551)1:0.146314331498)0.51:0.0167901862394)0.55:0.0188452934787):0); 0.17556643393915275 0.11428571428571432 (r4:1,((r5:1,(r7:1,r6:1)1:0.268094939176)0.44:0.00783531134237,(r3:1,(r2:1,(r0:1,r1:1)1:0.327006687107)1:0.347900932445)0.73:0.028028172721):0); 0.0 0.0
1000 100000.0 32 13.211050536263443 90.331 837 (r6:1,((r5:1,(r4:1,(r3:1,(r2:1,(r1:1,r0:1)1:0.157653310378)1:0.125500362643)0.57:0.0183152225428)0.42:0.00840183009985)1:0.144754403978,r7:1):0); 0.0 0.0 (r3:1,((r2:1,(r0:1,r1:1)1:0.259122770543)1:0.34816621962,(r5:1,((r7:1,r6:1)1:0.270448804524,r4:1)0.52:0.0129455713515)0.89:0.0395670934823):0); 0.17556643393915275 0.11428571428571432
1000 100000.0 33 13.133092424850673 91.758 809 (r7:1,(r6:1,(r4:1,((r3:1,(r2:1,(r1:1,r0:1)1:0.122150701897)1:0.165358356753)0.55:0.0195029718976,r5:1)0.45:0.00821295485139)1:0.143024000362):0); 0.17556643393915275 0.11428571428571432 (r6:1,(r7:1,(r5:1,(r4:1,(r3:1,(r2:1,(r1:1,r0:1)1:0.295102140588)1:0.336035269168)0.61:0.0203522288489)0.41:0.00745781039413)1:0.268486865499):0); 0.0 0.0
1000 100000.0 34 13.175151275945671 91.338 821 (r0:1,((r2:1,(r3:1,(r5:1,(r4:1,(r6:1,r7:1)1:0.136132174325)0.5:0.0137048728306)0.45:0.00852776675388)1:0.184096357595)1:0.119107588813,r1:1):0); 0.17556643393915275 0.11428571428571432 (r7:1,(((r5:1,r4:1)0.46:0.00915768803455,(r3:1,(r2:1,(r0:1,r1:1)1:0.282301965821)1:0.356960413538)0.87:0.0379228544377)1:0.290683575456,r6:1):0); 0.19443359141936595 0.11428571428571432
1000 100000.0 35 13.190500566200862 90.652 816 (r7:1,(r6:1,(r5:1,((r3:1,r4:1)0.4:0.00467290569939,((r1:1,r0:1)1:0.138538914355,r2:1)1:0.161608490221)0.43:0.00689182603792)1:0.131336002061):0); 0.20410776171712283 0.12857142857142856 (r6:1,(r7:1,(r5:1,(r4:1,(r3:1,((r0:1,r1:1)1:0.317081047307,r2:1)1:0.298226985628)0.7:0.0247800289985)0.84:0.0367562200452)1:0.199572397713):0); 0.0 0.0
1000 100000.0 36 13.19225062493276 90.715 805 (r2:1,((r0:1,r1:1)1:0.153801090591,(r3:1,(r4:1,((r7:1,r6:1)1:0.0960797065834,r5:1)0.51:0.0125661367045)0.66:0.0218827112495)1:0.141124008427):0); 0.0 0.0 (r4:1,((r5:1,(r6:1,r7:1)1:0.286284448185)0.53:0.0138947883188,(r3:1,(r2:1,(r1:1,r0:1)1:0.291084457401)1:0.324308750428)0.59:0.0195029718976):0); 0.0 0.0
1000 100000.0 37 13.25407681545075 90.52 811 (r5:1,(r4:1,((r3:1,(r2:1,(r1:1,r0:1)1:0.164695593004)1:0.163371381819)0.59:0.0177642466658,(r6:1,r7:1)1:0.168457075478)0.38:0.00369061814457):0); 0.19443359141936595 0.11428571428571432 (r5:1,((r4:1,(r3:1,(r2:1,(r1:1,r0:1)1:0.353113432944)1:0.280217494373)0.79:0.0308428022302)0.41:0.00802411527005,(r7:1,r6:1)1:0.243708207142):0); 0.0 0.0
1000 100000.0 38 13.133195420437529 91.1 808 (r0:1,(r1:1,(r2:1,(r3:1,(r4:1,(r5:1,(r7:1,r6:1)1:0.15520018141)0.45:0.00877968765205)0.9:0.0416478988109)1:0.134673760306)1:0.131677823975):0); 0.0 0.0 (r3:1,((r2:1,(r1:1,r0:1)1:0.285486681888)1:0.343930047015,(r4:1,((r7:1,r6:1)1:0.213203111609,r5:1)0.73:0.0261250191138)0.74:0.0273434756727):0); 0.0 0.0
1000 100000.0 39 13.13898134320609 91.339 828 (r7:1,(r6:1,(r5:1,(r4:1,(r3:1,(r2:1,(r1:1,r0:1)1:0.156250785604)1:0.104486771609)0.82:0.0338671039587)0.45:0.00934674182091)1:0.162577695989):0); 0.0 0.0 (r4:1,((r5:1,(r6:1,r7:1)1:0.293895139838)0.54:0.0144647512867,(r3:1,((r1:1,r0:1)1:0.256408012235,r2:1)1:0.322238356314)0.48:0.0117234636961):0); 0.0 0.0
1000 100000.0 3 13.192737849389443 90.714 834 (r5:1,((r6:1,r7:1)1:0.170365345967,(r4:1,(r3:1,(r2:1,(r1:1,r0:1)1:0.100709344482)1:0.131250564836)0.56:0.0179761245402)0.44:0.0104818157226):0); 0.0 0.0 (r5:1,((r7:1,r6:1)1:0.297520521452,(r4:1,((r2:1,(r1:1,r0:1)1:0.288681572785)1:0.271824455718,r3:1)0.82:0.0335226920386)0.67:0.0299778460721):0); 0.0 0.0
1000 100000.0 40 13.185175075150237 91.074 804 (r5:1,((r6:1,r7:1)1:0.114392187688,(r4:1,(r3:1,((r0:1,r1:1)1:0.139572150197,r2:1)1:0.151095909832)0.74:0.0268302603676)0.44:0.00745781039413):0); 0.0 0.0 (r5:1,((r6:1,r7:1)1:0.230412664661,((r3:1,(r2:1,(r1:1,r0:1)1:0.33871250639)1:0.313999380769)0.84:0.0352459390617,r4:1)0.77:0.0295918946972):0); 0.0 0.0
1000 100000.0 41 13.144663192215182 91.584 795 (r7:1,(r6:1,(r5:1,(r4:1,((r2:1,(r0:1,r1:1)1:0.180365429301)1:0.105527029687,r3:1)0.77:0.0292275217896)0.5:0.0173194492002)1:0.12588268248):0); 0.0 0.0 (r0:1,(r1:1,(r2:1,(r3:1,((r5:1,(r7:1,r6:1)1:0.264184101184)0.89:0.0402602142864,r4:1)0.55:0.0150984247126)1:0.282699501107)1:0.315025548124):0); 0.0 0.0
1000 100000.0 42 13.09024316997049 92.087 815 (r7:1,(r6:1,(r4:1,(r5:1,((r2:1,(r0:1,r1:1)1:0.152753055561)1:0.127626213784,r3:1)0.77:0.0288847038226)0.48:0.0104818157226)1:0.149963653473):0); 0.17556643393915275 0.11428571428571432 (r5:1,((r4:1,(r6:1,r7:1)1:0.218036733216)0.85:0.0398702747221,((r2:1,(r0:1,r1:1)1:0.303998276897)1:0.355355706053,r3:1)0.53:0.021372290141):0); 0.17556643393915275 0.11428571428571432
1000 100000.0 43 13.18356518561951 90.503 821 (r3:1,((r2:1,(r0:1,r1:1)1:0.105027570757)1:0.147833264197,((r5:1,(r6:1,r7:1)1:0.122828208698)0.65:0.0222869794763,r4:1)0.54:0.0152674721308):0); 0.0 0.0 (r4:1,(r3:1,((r2:1,(r0:1,r1:1)1:0.259511195485)1:0.34825466432,(r5:1,(r7:1,r6:1)1:0.297924154152)0.81:0.0341685617246)0.43:0.00701757265865):0); 0.20410776171712283 0.12857142857142856
1000 100000.0 44 13.16811753255142 90.639 827 (r0:1,(r1:1,(r2:1,((r4:1,(r6:1,r7:1)1:0.16011247199)0.45:0.00815000436192,(r3:1,r5:1)0.56:0.0159439477189)1:0.174014497807)1:0.124523986619):0); 0.29198726827086396 0.24285714285714288 (r5:1,((r7:1,r6:1)1:0.261455586531,(r4:1,(r3:1,((r1:1,r0:1)1:0.345887046556,r2:1)1:0.300754154019)0.63:0.0239270049768)0.7:0.024972059724):0); 0.0 0.0
1000 100000.0 45 13.203803612900186 90.54 784 (r7:1,((r5:1,(r4:1,(r3:1,(r2:1,(r1:1,r0:1)1:0.121473653801)1:0.162930367479)0.39:0.00417119149872)0.76:0.0301708776334)1:0.157653310378,r6:1):0); 0.0 0.0 (r5:1,((r6:1,r7:1)1:0.281507369037,(r4:1,(r3:1,((r0:1,r1:1)1:0.315025548124,r2:1)1:0.351762765766)0.73:0.0291769499871)0.35:0.00112507043557):0); 0.0 0.0
1000 100000.0 46 13.184369643291113 91.12 822 (r6:1,(r7:1,((r3:1,(r2:1,(r0:1,r1:1)1:0.126222645087)1:0.147616132506)0.67:0.0222231367847,(r5:1,r4:1)0.38:0.00387864108393)1:0.142851124573):0); 0.19443359141936595 0.11428571428571432 (r2:1,((r1:1,r0:1)1:0.260677376375,(r3:1,(r4:1,(r5:1,(r7:1,r6:1)1:0.304810954715)0.86:0.0381174258947)0.66:0.0215424015644)1:0.283694031274):0); 0.0 0.0
1000 100000.0 47 13.149931419109462 91.382 830 (r2:1,((r0:1,r1:1)1:0.176424890439,(r3:1,((r5:1,r4:1)0.56:0.0161765919329,(r6:1,r7:1)1:0.14653118068)0.6:0.0177642466658)1:0.151967749469):0); 0.19443359141936595 0.11428571428571432 (r1:1,((r2:1,((r3:1,r4:1)0.42:0.0065146810212,(r5:1,(r6:1,r7:1)1:0.244856093245)0.95:0.0479600891966)1:0.295202789775)1:0.306438294374,r0:1):0); 0.20410776171712283 0.12857142857142856
1000 100000.0 48 13.201042611489065 91.346 826 (r7:1,(r6:1,(r5:1,(r3:1,(r4:1,(r2:1,(r0:1,r1:1)1:0.115400760643)1:0.147616132506)0.44:0.00768848848388)0.82:0.0344270264456)1:0.126562723308):0); 0.1790338045715902 0.12857142857142856 (r0:1,((r2:1,(r3:1,(r4:1,(r5:1,(r7:1,r6:1)1:0.217291576698)0.57:0.0188452934787)0.78:0.0302566814002)1:0.30760958267)1:0.303186258988,r1:1):0); 0.0 0.0
1000 100000.0 49 13.163682797164421 90.617 821 (r5:1,((r6:1,r7:1)1:0.14822422009,(r4:1,((r2:1,(r0:1,r1:1)1:0.164695593004)1:0.120627987789,r3:1)0.61:0.0186544355718)0.49:0.0142747275331):0); 0.0 0.0 (r1:1,((r2:1,(r3:1,(r4:1,(r5:1,(r7:1,r6:1)1:0.227774637881)0.66:0.0215211360539)0.6:0.0184848146741)1:0.300754154019)1:0.337871816976,r0:1):0); 0.0 0.0
1000 100000.0 4 13.195121642999126 90.743 841 (r7:1,(r6:1,((r5:1,(r3:1,(r2:1,(r0:1,r1:1)1:0.181802211158)1:0.143715802535)0.5:0.0161131381431)0.73:0.0261250191138,r4:1)1:0.110702765425):0); 0.17556643393915275 0.11428571428571432 (r1:1,(r0:1,((r3:1,(r4:1,(r5:1,(r6:1,r7:1)1:0.266528768144)0.54:0.0152963042844)0.6:0.0188891079802)1:0.316838656743,r2:1)1:0.247923580313):0); 0.0 0.0
1000 100000.0 50 13.170764794389742 91.073 834 (r0:1,(r1:1,(((r6:1,r7:1)1:0.119783036323,(r3:1,(r4:1,r5:1)0.63:0.0229384078518)0.45:0.0121868459737)1:0.15823827676,r2:1)1:0.116747108877):0); 0.34833084106647516 0.2857142857142857 (r0:1,(r1:1,(r2:1,(r3:1,(r4:1,((r6:1,r7:1)1:0.21766408555,r5:1)0.51:0.0135149934035)0.55:0.0156056527224)1:0.302526979607)1:0.292689594182):0); 0.0 0.0
1000 100000.0 51 13.165090641027684 90.74 838 (r7:1,(r6:1,((r4:1,(r3:1,(r2:1,(r0:1,r1:1)1:0.12588268248)1:0.130610018214)0.81:0.0331783986973)0.45:0.00840183009985,r5:1)1:0.124523986619):0); 0.0 0.0 (r1:1,(r0:1,(r2:1,(r3:1,(r4:1,((r7:1,r6:1)1:0.252928403079,r5:1)0.58:0.016557399249)0.75:0.0283706971292)1:0.280465418014)1:0.259122770543):0); 0.0 0.0
1000 100000.0 52 13.198260047751592 91.479 813 (r7:1,(r6:1,(r5:1,(r4:1,(r3:1,((r0:1,r1:1)1:0.121473653801,r2:1)1:0.14653118068)0.44:0.00802411527005)0.42:0.00802411527005)1:0.152054975253):0); 0.0 0.0 (r7:1,(r6:1,(r5:1,(r4:1,(r3:1,(r2:1,(r0:1,r1:1)1:0.311745512383)1:0.324827019421)0.82:0.0331783986973)0.87:0.0371449469694)1:0.283097194491):0); 0.0 0.0
1000 100000.0 53 13.160178632074071 91.021 805 (r7:1,(r6:1,(r4:1,(r3:1,((r2:1,(r1:1,r0:1)1:0.122828208698)1:0.144364802017,r5:1)0.36:0.00200000066667)0.47:0.0119972545426)1:0.145794085236):0); 0.29942994635879155 0.24285714285714288 (r5:1,((r4:1,(r3:1,(r2:1,(r0:1,r1:1)1:0.307660539383)1:0.304561173272)0.97:0.0526437334854)0.51:0.0126957899089,(r6:1,r7:1)1:0.281110307289):0); 0.0 0.0
1000 100000.0 54 13.119480633489284 90.821 828 (r7:1,(r6:1,(r5:1,(r4:1,(r3:1,(r2:1,(r0:1,r1:1)1:0.179289196014)1:0.132960697788)0.75:0.0292275217896)0.44:0.0110498361866)1:0.145447404699):0); 0.0 0.0 (r2:1,((r0:1,r1:1)1:0.334934957302,(r3:1,(r4:1,((r6:1,r7:1)1:0.251771218765,r5:1)0.45:0.00821295485139)0.82:0.0336948831712)1:0.306845543413):0); 0.0 0.0
1000 100000.0 55 13.15014196153295 91.002 831 (r5:1,((r4:1,(r6:1,r7:1)1:0.105360515658)0.67:0.0257405515966,(r3:1,(r2:1,(r1:1,r0:1)1:0.156601232428)1:0.158969966263)0.57:0.0176371414861):0); 0.17556643393915275 0.11428571428571432 (r2:1,((r3:1,(r5:1,(r4:1,(r6:1,r7:1)1:0.246005298504)0.6:0.0190361878192)0.98:0.0588051824295)1:0.34896250367,(r0:1,r1:1)1:0.257182905725):0); 0.17556643393915275 0.11428571428571432
1000 100000.0 56 13.156859836314142 91.354 842 (r7:1,(r6:1,((r5:1,r4:1)0.44:0.00783531134237,(r3:1,((r0:1,r1:1)1:0.136132174325,r2:1)1:0.108445522482)0.97:0.0534777069783)1:0.103655343584):0); 0.19443359141936595 0.11428571428571432 (r5:1,((r7:1,r6:1)1:0.252928403079,(r4:1,(r3:1,(r2:1,(r0:1,r1:1)1:0.330754349207)1:0.298731908638)0.46:0.00903167203035)0.84:0.0352028216746):0); 0.0 0.0
1000 100000.0 57 13.166850943866955 91.064 802 (r5:1,((r6:1,r7:1)1:0.100709344482,(r4:1,((r2:1,(r0:1,r1:1)1:0.141296585872)1:0.159848700942,r3:1)0.47:0.00987207883668)0.78:0.0328772392311):0); 0.0 0.0 (r6:1,(r7:1,(r4:1,(r5:1,((r2:1,(r1:1,r0:1)1:0.337451737154)1:0.3015135516,r3:1)0.89:0.0409538158401)0.52:0.0146548111561)1:0.259511195485):0); 0.17556643393915275 0.11428571428571432
1000 100000.0 58 13.189461466635077 90.895 805 (r5:1,((r4:1,(r3:1,(r2:1,(r0:1,r1:1)1:0.116747108877)1:0.122108372959)0.5:0.0132407867554)0.5:0.0121868459737,(r7:1,r6:1)1:0.150660274887):0); 0.0 0.0 (r7:1,(r6:1,(r5:1,(r3:1,(r4:1,(r2:1,(r1:1,r0:1)1:0.306845543413)1:0.328722622322)0.59:0.0205221668219)0.95:0.0506494089769)1:0.286284448185):0); 0.1790338045715902 0.12857142857142856
1000 100000.0 59 13.216426210329907 90.699 808 (r7:1,(((r5:1,r4:1)0.81:0.0326836845997,(r3:1,(r2:1,(r0:1,r1:1)1:0.145794085236)1:0.144364802017)0.7:0.0256764880455)1:0.149137045347,r6:1):0); 0.19443359141936595 0.11428571428571432 (r7:1,(r6:1,(r5:1,(r3:1,((r2:1,(r0:1,r1:1)1:0.29469964511)1:0.303287725174,r4:1)0.39:0.00450563966237)0.49:0.0133251500237)1:0.305217541425):0); 0.1790338045715902 0.12857142857142856
1000 100000.0 5 13.206184400992907 91.095 824 (r3:1,((r2:1,(r0:1,r1:1)1:0.186847266904)1:0.115358716455,(r4:1,(r5:1,(r7:1,r6:1)1:0.126562723308)0.84:0.0355909451027)0.5:0.0145914538526):0); 0.0 0.0 (r6:1,(r7:1,(r5:1,(r4:1,(r3:1,(r2:1,(r1:1,r0:1)1:0.350556976503)1:0.329243184541)0.71:0.0252921929021)0.66:0.0232451092804)1:0.251000505817):0); 0.0 0.0
1000 100000.0 60 13.194834364615453 90.842 824 (r2:1,((r0:1,r1:1)1:0.0823180215107,(r3:1,(r5:1,(r4:1,(r6:1,r7:1)1:0.140606454719)0.58:0.023436845452)0.8:0.0314587078178)1:0.127413425189):0); 0.17556643393915275 0.11428571428571432 (r5:1,((r6:1,r7:1)1:0.285088037275,(r4:1,(r3:1,(r2:1,(r0:1,r1:1)1:0.319965862825)1:0.306082087465)0.45:0.00852776675387)0.46:0.00972495665144):0); 0.0 0.0
1000 100000.0 61 13.138051511432321 90.885 808 (r7:1,((r5:1,(r4:1,(r3:1,(r2:1,(r0:1,r1:1)1:0.110368037388)1:0.168457075478)0.72:0.0270013028721)0.38:0.00331467829052)1:0.13991679952,r6:1):0); 0.0 0.0 (r2:1,((r3:1,(r4:1,(r5:1,(r7:1,r6:1)1:0.235330397288)0.89:0.0402602142864)0.77:0.0295704573211)1:0.319656377084,(r0:1,r1:1)1:0.297520521452):0); 0.0 0.0
1000 100000.0 62 13.167910850911616 91.578 827 (r0:1,(r1:1,((r3:1,((r7:1,r6:1)1:0.160948206275,(r5:1,r4:1)0.61:0.0188452934787)0.4:0.00576081743479)1:0.130610018214,r2:1)1:0.172856007279):0); 0.19443359141936595 0.11428571428571432 (r6:1,(((r5:1,r4:1)0.59:0.0173194492002,(r3:1,(r2:1,(r1:1,r0:1)1:0.300349377653)1:0.321721426863)0.98:0.0590259378554)1:0.254280146068,r7:1):0); 0.19443359141936595 0.11428571428571432
1000 100000.0 63 13.155903344149433 91.378 839 (r3:1,((r5:1,(r4:1,(r2:1,(r0:1,r1:1)1:0.124863487555)1:0.156119399702)0.43:0.00752071732335)0.67:0.0228617471902,(r7:1,r6:1)1:0.15031190352):0); 0.29942994635879155 0.24285714285714288 (r6:1,(r7:1,(r5:1,(r4:1,(r3:1,((r0:1,r1:1)1:0.244473318121,r2:1)1:0.296461760104)0.49:0.0176371414861)0.92:0.0443637862392)1:0.217291576698):0); 0.0 0.0
1000 100000.0 64 13.19563545341457 90.854 792 (r1:1,(r0:1,(r2:1,((r5:1,(r4:1,(r6:1,r7:1)1:0.169654866363)0.5:0.0146548111561)0.82:0.0333505305507,r3:1)1:0.129756593797)1:0.160816201787):0); 0.17556643393915275 0.11428571428571432 (r6:1,(r7:1,((r4:1,(r3:1,(r2:1,(r0:1,r1:1)1:0.288681572785)1:0.328722622322)0.99:0.0655380214707)0.57:0.0161765919329,r5:1)1:0.283097194491):0); 0.0 0.0
1000 100000.0 65 13.14914155815535 91.608 822 (r7:1,(r6:1,((r4:1,r5:1)0.46:0.00953583135537,(r3:1,((r0:1,r1:1)1:0.144408083628,r2:1)1:0.134031017916)0.87:0.0380525645358)1:0.139399870069):0); 0.19443359141936595 0.11428571428571432 (r0:1,((r2:1,(r3:1,(r4:1,(r5:1,(r6:1,r7:1)1:0.257958400142)0.82:0.0332644609204)0.81:0.0328342238531)1:0.334202088087)1:0.316669609325,r1:1):0); 0.0 0.0
1000 100000.0 66 13.218933278513038 90.983 825 (r2:1,((r1:1,r0:1)1:0.130994296949,(r3:1,(r4:1,(r5:1,(r6:1,r7:1)1:0.126562723308)0.76:0.0288204385355)0.62:0.0195029718976)1:0.127413425189):0); 0.0 0.0 (r5:1,((r4:1,(r3:1,(r2:1,(r0:1,r1:1)1:0.279920067116)1:0.322764470423)0.5:0.0147604155831)0.66:0.0224203398009,(r7:1,r6:1)1:0.265355747481):0); 0.0 0.0
1000 100000.0 67 13.16923653752108 91.444 830 (r1:1,((r2:1,((r4:1,r5:1)0.86:0.038009325967,(r3:1,(r6:1,r7:1)1:0.134416613773)0.41:0.00827590930386)1:0.162930367479)1:0.112042799126,r0:1):0); 0.31325379773618617 0.2857142857142857 (r7:1,(r6:1,(r5:1,((r3:1,(r2:1,(r1:1,r0:1)1:0.252542526169)1:0.288681572785)0.89:0.0418214948533,r4:1)0.51:0.0123764733564)1:0.27517322276):0); 0.0 0.0
1000 100000.0 68 13.149012971097905 91.288 832 (r0:1,(r1:1,(r2:1,(r4:1,((r5:1,(r6:1,r7:1)1:0.126562723308)0.76:0.0286276674506,r3:1)0.36:0.00133288923432)1:0.167349287617)1:0.138538914355):0); 0.1790338045715902 0.12857142857142856 (r4:1,((r5:1,(r6:1,r7:1)1:0.288681572785)0.85:0.0355909451027,(r3:1,(r2:1,(r1:1,r0:1)1:0.259899771359)1:0.309139414687)0.76:0.0288847038226):0); 0.0 0.0
1000 100000.0 69 13.131049489785696 91.884 816 (r1:1,(r0:1,(r2:1,(r3:1,(r4:1,(r5:1,(r7:1,r6:1)1:0.135788826682)0.58:0.0182728290035)0.6:0.0188240852456)1:0.133388688379)1:0.12181212055):0); 0.0 0.0 (r5:1,((r7:1,r6:1)1:0.264965046168,(r4:1,(r3:1,((r1:1,r0:1)1:0.331589073796,r2:1)1:0.317081047307)0.82:0.0330062964682)0.55:0.0150350392975):0); 0.0 0.0
1000 100000.0 6 13.154165099531019 91.08 805 (r0:1,((r2:1,(r4:1,(r3:1,(r5:1,(r6:1,r7:1)1:0.133388688379)0.69:0.0286276674506)0.39:0.00467290569939)1:0.1261376436)1:0.124863487555,r1:1):0); 0.1790338045715902 0.12857142857142856 (r2:1,((r3:1,(r4:1,(r5:1,(r7:1,r6:1)1:0.298731908638)0.66:0.0218456821853)0.45:0.0111109152312)1:0.308884280102,(r0:1,r1:1)1:0.293091281274):0); 0.0 0.0
1000 100000.0 70 13.174494888992948 91.046 819 (r7:1,(r6:1,(r5:1,(r4:1,(r3:1,(r2:1,(r0:1,r1:1)1:0.134759490513)1:0.127413425189)0.79:0.0304283110239)0.38:0.0035026305512)1:0.14233267645):0); 0.0 0.0 (r4:1,((r3:1,(r2:1,(r0:1,r1:1)1:0.367724780125)1:0.293694114608)0.71:0.0325011680632,(r5:1,(r7:1,r6:1)1:0.256195803611)0.53:0.0157959295758):0); 0.0 0.0
1000 100000.0 71 13.137531386374015 91.28 807 (r3:1,((r2:1,(r0:1,r1:1)1:0.152403954492)1:0.125925171486,(r4:1,(r5:1,(r6:1,r7:1)1:0.149963653473)0.64:0.0224785320102)0.47:0.0137470731556):0); 0.0 0.0 (r1:1,((r2:1,(r3:1,((r4:1,r5:1)0.49:0.0123764733564,(r7:1,r6:1)1:0.287432353384)0.58:0.0194180858571)1:0.330545776884)1:0.330754349207,r0:1):0); 0.19443359141936595 0.11428571428571432
1000 100000.0 72 13.203719884132733 91.181 833 (r6:1,(r7:1,(r5:1,((r2:1,(r1:1,r0:1)1:0.127583652443)1:0.147182010511,(r4:1,r3:1)0.48:0.0129034048359)0.62:0.0196727655987)1:0.140606454719):0); 0.20410776171712283 0.12857142857142856 (r4:1,((r3:1,(r2:1,(r0:1,r1:1)1:0.285885485483)1:0.298479415265)0.45:0.0162823571976,((r7:1,r6:1)1:0.255246796699,r5:1)0.69:0.0240122746422):0); 0.0 0.0
1000 100000.0 73 13.147070181154621 91.796 823 (r3:1,((r4:1,(r2:1,(r0:1,r1:1)1:0.168590092527)1:0.122743495241)0.39:0.00366972888896,((r6:1,r7:1)1:0.133388688379,r5:1)0.79:0.0309433767062):0); 0.1790338045715902 0.12857142857142856 (r7:1,(r6:1,((r5:1,(r3:1,(r2:1,(r1:1,r0:1)1:0.302374899917)1:0.301766812334)0.82:0.0378363903851)0.57:0.0159862426414,r4:1)1:0.244856093245):0); 0.17556643393915275 0.11428571428571432
1000 100000.0 74 13.153107742141952 91.483 831 (r4:1,((r5:1,(r3:1,(r2:1,(r0:1,r1:1)1:0.180365429301)1:0.159409237081)0.42:0.00617956037463)0.7:0.0247800289985,(r6:1,r7:1)1:0.1485718648):0); 0.17556643393915275 0.11428571428571432 (r6:1,(r7:1,((r4:1,(r3:1,(r2:1,(r1:1,r0:1)1:0.276357823096)1:0.309394614382)0.48:0.0105449131766)0.87:0.0404552411032,r5:1)1:0.230790094369):0); 0.0 0.0
1000 100000.0 75 13.205400123050108 91.017 831 (r3:1,((r4:1,(r2:1,(r1:1,r0:1)1:0.185403223331)1:0.135745916514)0.37:0.00216684808509,((r7:1,r6:1)1:0.134416613773,r5:1)0.49:0.0110498361866):0); 0.1790338045715902 0.12857142857142856 (r1:1,(r0:1,(r2:1,(r4:1,(r3:1,(r5:1,(r6:1,r7:1)1:0.226270312663)0.98:0.0597547767149)0.59:0.0223933930208)1:0.308884280102)1:0.285088037275):0); 0.1790338045715902 0.12857142857142856
1000 100000.0 76 13.176032417349793 91.016 832 (r6:1,(r7:1,(r5:1,((r4:1,(r2:1,(r0:1,r1:1)1:0.15031190352)1:0.164474769331)0.43:0.00953583135537,r3:1)0.64:0.021138434174)1:0.146140886003):0); 0.1790338045715902 0.12857142857142856 (r5:1,((r4:1,(r3:1,(r2:1,(r0:1,r1:1)1:0.303998276897)1:0.338659942591)0.56:0.0222231367847)0.58:0.0169383516346,(r6:1,r7:1)1:0.23267938267):0); 0.0 0.0
1000 100000.0 77 13.207487323525413 90.561 826 (r3:1,((r2:1,(r0:1,r1:1)1:0.125542835408)1:0.14349956294,(r4:1,(r5:1,(r7:1,r6:1)1:0.156250785604)0.69:0.0274718206642)0.51:0.0142536160115):0); 0.0 0.0 (r6:1,(r7:1,((r4:1,r5:1)0.69:0.0240122746422,((r2:1,(r0:1,r1:1)1:0.300754154019)1:0.332894727461,r3:1)0.47:0.0105449131766)1:0.264965046168):0); 0.19443359141936595 0.11428571428571432
1000 100000.0 78 13.19571477393323 91.059 825 (r5:1,(r4:1,((r3:1,(r2:1,(r1:1,r0:1)1:0.162930367479)1:0.121685182094)0.63:0.0206921336788,(r6:1,r7:1)1:0.156776501905)0.78:0.0332644609204):0); 0.19443359141936595 0.11428571428571432 (r5:1,((r4:1,(r3:1,(r2:1,(r0:1,r1:1)1:0.293091281274)1:0.290934107838)0.83:0.0343839443527)0.46:0.00934674182091,(r6:1,r7:1)1:0.257958400142):0); 0.0 0.0
1000 100000.0 79 13.204328880622587 90.583 831 (r7:1,((r5:1,(r4:1,(r3:1,(r2:1,(r0:1,r1:1)1:0.164695593004)1:0.153932172233)0.57:0.0161131381431)0.36:0.00143709606413)1:0.141987193634,r6:1):0); 0.0 0.0 (r3:1,((r2:1,(r0:1,r1:1)1:0.259899771359)1:0.320172239876,(r4:1,(r5:1,(r6:1,r7:1)1:0.265929187832)0.58:0.0190433902929)0.73:0.0288944659997):0); 0.0 0.0
1000 100000.0 7 13.132286628605643 91.886 840 (r5:1,(((r3:1,r4:1)0.67:0.0223933930208,(r2:1,(r0:1,r1:1)1:0.153102278543)1:0.125854357479)0.58:0.0173829795836,(r6:1,r7:1)1:0.16011247199):0); 0.20410776171712283 0.12857142857142856 (r4:1,((r6:1,r7:1)1:0.259111515224,(r5:1,(r3:1,((r0:1,r1:1)1:0.302780497164,r2:1)1:0.265328563743)0.64:0.0205221668219)0.4:0.00526119214336):0); 0.17556643393915275 0.11428571428571432
1000 100000.0 80 13.10172598740431 91.947 819 (r0:1,((r2:1,(r3:1,(r4:1,(r5:1,(r6:1,r7:1)1:0.134759490513)0.6:0.023436845452)0.49:0.0135782825399)1:0.149137045347)1:0.172499818495,r1:1):0); 0.0 0.0 (r5:1,((r7:1,r6:1)1:0.251000505817,(r3:1,((r2:1,(r0:1,r1:1)1:0.259122770543)1:0.301766812334,r4:1)0.73:0.0263173083174)0.91:0.0437765296891):0); 0.1790338045715902 0.12857142857142856
1000 100000.0 81 13.175274780097622 91.185 823 (r6:1,(r7:1,(r4:1,(r5:1,(r3:1,((r0:1,r1:1)1:0.129287520635,r2:1)1:0.145014222972)0.64:0.0205221668219)0.49:0.0116181794812)1:0.138538914355):0); 0.17556643393915275 0.11428571428571432 (r4:1,(r5:1,((r3:1,(r2:1,(r0:1,r1:1)1:0.308068286585)1:0.277988943246)0.82:0.0333935681441,(r7:1,r6:1)1:0.285686063805)0.52:0.0163669774642):0); 0.19443359141936595 0.11428571428571432
1000 100000.0 82 13.142276439951937 91.121 809 (r3:1,((r2:1,(r0:1,r1:1)1:0.147876696194)1:0.124439129391,(r4:1,(r5:1,(r7:1,r6:1)1:0.156250785604)0.59:0.0177006920565)0.63:0.0270013028721):0); 0.0 0.0 (r7:1,((r5:1,(r4:1,(r3:1,(r2:1,(r0:1,r1:1)1:0.323687181984)1:0.280465418014)0.97:0.0529947954515)0.42:0.00613767818921)1:0.238368758911,r6:1):0); 0.0 0.0
1000 100000.0 83 13.192159925441498 90.864 833 (r7:1,(r6:1,(r5:1,(r4:1,(r3:1,(r2:1,(r1:1,r0:1)1:0.137850683082)1:0.128690836476)0.69:0.0242681272724)0.47:0.0144647512867)1:0.121135301573):0); 0.0 0.0 (r1:1,((r2:1,(r3:1,(r4:1,(r5:1,(r6:1,r7:1)1:0.224768247041)0.79:0.0309433767062)0.56:0.0196727655987)1:0.34816621962)1:0.247923580313,r0:1):0); 0.0 0.0
1000 100000.0 84 13.208422121348832 91.155 833 (r7:1,(r6:1,((r5:1,(r3:1,(r2:1,(r0:1,r1:1)1:0.158706496363)1:0.120205422813)0.88:0.0383552868769)0.35:0.000874508144933,r4:1)1:0.133046281253):0); 0.17556643393915275 0.11428571428571432 (r1:1,((r2:1,(r3:1,(r5:1,(r4:1,(r7:1,r6:1)1:0.27517322276)0.75:0.028242236727)0.5:0.0130720815674)1:0.280217494373)1:0.271234659181,r0:1):0); 0.17556643393915275 0.11428571428571432
1000 100000.0 85 13.176180344645957 91.248 814 (r6:1,((r5:1,(r4:1,(r3:1,(r2:1,(r0:1,r1:1)1:0.143024000362)1:0.127413425189)0.72:0.0259754864033)0.53:0.0138947883188)1:0.11944525554,r7:1):0); 0.0 0.0 (r7:1,(r6:1,(r5:1,(r4:1,(r3:1,((r0:1,r1:1)1:0.323687181984,r2:1)1:0.314255823904)0.77:0.0307716586668)0.98:0.0555876906175)1:0.196649487338):0); 0.0 0.0
1000 100000.0 86 13.119395545138204 91.613 836 (r0:1,(r1:1,(r2:1,(r3:1,((r6:1,r7:1)1:0.14566406595,(r5:1,r4:1)0.5:0.0138947883188)0.66:0.0215849339422)1:0.142851124573)1:0.0917998646596):0); 0.19443359141936595 0.11428571428571432 (r3:1,(r4:1,((r2:1,(r1:1,r0:1)1:0.299944765064)1:0.283859882506,((r7:1,r6:1)1:0.222145048985,r5:1)0.81:0.0319743046325)0.47:0.0169595199118):0); 0.20410776171712283 0.12857142857142856
1000 100000.0 87 13.201200805306458 90.92 815 (r3:1,(r4:1,((r2:1,(r0:1,r1:1)1:0.12996988163)1:0.142419065807,(r5:1,(r6:1,r7:1)1:0.121135301573)0.53:0.0148449071551)0.61:0.0189937637054):0); 0.20410776171712283 0.12857142857142856 (r2:1,((r3:1,(r5:1,(r4:1,(r6:1,r7:1)1:0.296310599949)0.38:0.00387864108393)0.62:0.0195029718976)1:0.327682310135,(r0:1,r1:1)1:0.29469964511):0); 0.17556643393915275 0.11428571428571432
1000 100000.0 88 13.15426512397109 91.133 812 (r0:1,(r1:1,(r2:1,(r3:1,(r4:1,(r5:1,(r6:1,r7:1)1:0.146834848557)0.42:0.005949230059)0.55:0.0147604155831)1:0.132746771164)1:0.172143756537):0); 0.0 0.0 (r4:1,((r5:1,(r6:1,r7:1)1:0.272414600321)0.71:0.0261250191138,(r3:1,(r2:1,(r0:1,r1:1)1:0.322859024586)1:0.308884280102)0.93:0.0470434388345):0); 0.0 0.0
1000 100000.0 89 13.07757678985144 91.162 804 (r7:1,(r6:1,((r3:1,(r2:1,(r0:1,r1:1)1:0.112713489963)1:0.149137045347)0.59:0.0175100524601,(r5:1,r4:1)0.66:0.0220954636278)1:0.140908328495):0); 0.19443359141936595 0.11428571428571432 (r5:1,((r7:1,r6:1)1:0.248307678647,((r3:1,(r2:1,(r0:1,r1:1)1:0.302374899917)1:0.292940629705)0.9:0.0439070013444,r4:1)0.88:0.0398702747221):0); 0.0 0.0
1000 100000.0 8 13.221174589606846 90.883 818 (r6:1,((r5:1,(r4:1,(r3:1,(r2:1,(r0:1,r1:1)1:0.139572150197)1:0.140908328495)0.63:0.0208621294293)0.54:0.0148449071551)1:0.156951802107,r7:1):0); 0.0 0.0 (r7:1,((r5:1,(r4:1,(r3:1,(r2:1,(r0:1,r1:1)1:0.340817327205)1:0.325086254679)0.45:0.00953583135537)0.62:0.0194180858571)1:0.273990024042,r6:1):0); 0.0 0.0
1000 100000.0 90 13.168429476174472 91.362 826 (r5:1,((r7:1,r6:1)1:0.109030244547,(r4:1,(r3:1,((r0:1,r1:1)1:0.174995808381,r2:1)1:0.118727849985)0.81:0.0326621808419)0.83:0.0359792192291):0); 0.0 0.0 (r1:1,((r2:1,(r3:1,(r5:1,(r4:1,(r7:1,r6:1)1:0.269271179265)0.76:0.0297848517648)0.85:0.0378363903851)1:0.291435360981)1:0.314614954811,r0:1):0); 0.17556643393915275 0.11428571428571432
1000 100000.0 91 13.155931147050731 91.067 802 (r6:1,(r7:1,(r5:1,(r4:1,(r3:1,((r0:1,r1:1)1:0.126902917222,r2:1)1:0.153058619)0.59:0.0174676930404)0.66:0.0219039844506)1:0.11742096335):0); 0.0 0.0 (r4:1,(r5:1,((r7:1,r6:1)1:0.224533752961,(r3:1,((r0:1,r1:1)1:0.327422401101,r2:1)1:0.315539026955)0.76:0.0284991740357)0.48:0.0102925472447):0); 0.19443359141936595 0.11428571428571432
1000 100000.0 93 13.142803017970937 91.71 830 (r2:1,((r0:1,r1:1)1:0.103032225898,((r5:1,(r7:1,r6:1)1:0.118770036068)0.37:0.00262582207767,(r3:1,r4:1)0.88:0.038874452762)1:0.156630441874):0); 0.20410776171712283 0.12857142857142856 (r6:1,((r5:1,(r4:1,(r3:1,(r2:1,(r0:1,r1:1)1:0.258734496417)1:0.327942286738)0.88:0.0393938883204)0.55:0.0226701212435)1:0.270841654657,r7:1):0); 0.0 0.0
1000 100000.0 94 13.174211875316631 91.496 835 (r6:1,((r5:1,(r4:1,(r3:1,(r2:1,(r0:1,r1:1)1:0.102700055159)1:0.14349956294)0.76:0.0292275217896)0.57:0.0163669774642)1:0.15031190352,r7:1):0); 0.0 0.0 (r1:1,((r2:1,(r3:1,(r4:1,(r5:1,(r7:1,r6:1)1:0.23267938267)0.67:0.0232451092804)0.5:0.0123975452855)1:0.315795865276)1:0.312564513248,r0:1):0); 0.0 0.0
1000 100000.0 95 13.221203378521814 90.91 820 (r7:1,(r6:1,(r5:1,((r3:1,(r2:1,(r0:1,r1:1)1:0.157653310378)1:0.110117064869)0.55:0.0150984247126,r4:1)0.71:0.0268943978785)1:0.147182010511):0); 0.0 0.0 (r1:1,((r2:1,(r3:1,(r4:1,(r5:1,(r6:1,r7:1)1:0.300349377653)0.45:0.00922533136001)0.39:0.00417119149872)1:0.304819588646)1:0.353967039483,r0:1):0); 0.0 0.0
1000 100000.0 96 13.202375146022606 90.887 822 (r0:1,(r1:1,(r2:1,(r3:1,((r4:1,(r6:1,r7:1)1:0.133388688379)0.67:0.0232451092804,r5:1)0.66:0.0276857655956)1:0.142203106406)1:0.12588268248):0); 0.17556643393915275 0.11428571428571432 (r2:1,((r3:1,(r4:1,(r5:1,(r7:1,r6:1)1:0.30440453325)0.71:0.0256829854358)0.48:0.0111109152312)1:0.306600533017,(r1:1,r0:1)1:0.301969467112):0); 0.0 0.0
1000 100000.0 97 13.21316575231376 91.132 829 (r4:1,(r3:1,((r2:1,(r1:1,r0:1)1:0.15100876766)1:0.161902089754,(r5:1,(r6:1,r7:1)1:0.126562723308)0.72:0.0256764880455)0.47:0.016620881236):0); 0.20410776171712283 0.12857142857142856 (r4:1,((r5:1,(r6:1,r7:1)1:0.246772169708)0.85:0.0359792192291,(r3:1,((r0:1,r1:1)1:0.292288068379,r2:1)1:0.311694347094)0.71:0.0251214424535):0); 0.0 0.0
1000 100000.0 98 13.15969959014047 90.971 833 (r5:1,((r4:1,(r3:1,(r2:1,(r0:1,r1:1)1:0.123167134307)1:0.14349956294)0.79:0.0330062964682)0.76:0.028242236727,(r7:1,r6:1)1:0.122150701897):0); 0.0 0.0 (r4:1,((r3:1,(r2:1,(r1:1,r0:1)1:0.247539629454)1:0.328202330947)0.59:0.0175845937818,(r5:1,(r6:1,r7:1)1:0.230767986323)0.8:0.0340393544113):0); 0.0 0.0
1000 100000.0 99 13.174221055350426 91.208 844 (r2:1,((r0:1,r1:1)1:0.201037062933,(r3:1,(r5:1,((r6:1,r7:1)1:0.117083979354,r4:1)0.67:0.0247800289985)0.66:0.0263173083174)1:0.0988880011522):0); 0.17556643393915275 0.11428571428571432 (r7:1,(r6:1,(r5:1,(r4:1,((r2:1,(r1:1,r0:1)1:0.267311547049)1:0.294951185798,r3:1)0.54:0.0144225206652)0.76:0.0286276674506)1:0.237228291196):0); 0.0 0.0
1000 100000.0 9 13.175449862544541 90.542 833 (r1:1,(r0:1,(r2:1,(r3:1,((r4:1,r5:1)0.62:0.0203734695163,(r7:1,r6:1)1:0.134459466937)0.9:0.0409104516459)1:0.142851124573)1:0.127243226907):0); 0.19443359141936595 0.11428571428571432 (r4:1,(r3:1,((r5:1,(r6:1,r7:1)1:0.213574100298)0.56:0.0162400497494,(r2:1,(r0:1,r1:1)1:0.278335280731)1:0.329677193488)0.49:0.0140847398817):0); 0.20410776171712283 0.12857142857142856
