1000 1000.0 0 6.7340904761904765 1.25 733 (r5:1,(((r0:1,(r2:1,r6:1)0.52:0.0168240506801)0.55:0.0149716579,(r3:1,(r7:1,r1:1)0.75:0.0287818813455)0.47:0.00978800636616)0.51:0.0127347565515,r4:1):0); 0.8490684979623659 0.7857142857142857 (r7:1,((r0:1,((r6:1,r2:1)0.62:0.0258794479878,(r5:1,(r3:1,r4:1)0.47:0.0154628514114)0.49:0.0144523972541)0.47:0.013975953856)0.8:0.0441940804203,r1:1):0); 0.7537329758082695 0.7
1000 1000.0 10 6.810666666666666 1.246 741 (r0:1,((r4:1,r5:1)0.43:0.00923330526019,((r2:1,r3:1)0.64:0.0225636782489,(r6:1,(r7:1,r1:1)0.42:0.00711818134126)0.4:0.00463108656713)0.4:0.00488202759731):0); 0.761188991408625 0.7 (r0:1,(r1:1,(((r2:1,r3:1)0.61:0.0246814294724,(r4:1,r5:1)0.52:0.0192997356587)0.39:0.00510477085303,(r6:1,r7:1)0.42:0.00815692549939)0.39:0.00541707145254):0); 0.501611312378159 0.4571428571428572
1000 1000.0 11 7.07 1.244 778 (r2:1,(r1:1,(r0:1,((r3:1,r7:1)0.45:0.0103766621457,((r4:1,r5:1)0.38:0.0035026305512,r6:1)0.7:0.0256764880455)0.52:0.0129455713515)0.5:0.0116560805216):0); 0.5598946183839539 0.4285714285714286 (r1:1,(((r7:1,r2:1)0.51:0.0168817869742,(r3:1,(r4:1,(r6:1,r5:1)0.49:0.0144780191807)0.54:0.0190965569199)0.51:0.019131859832)0.44:0.0113456082909,r0:1):0); 0.4507554010933454 0.4285714285714286
1000 1000.0 12 6.85675 1.247 750 (r5:1,((r1:1,r2:1)0.44:0.00772204609391,((r3:1,r4:1)0.55:0.0149294058666,((r7:1,r6:1)0.57:0.017128882263,r0:1)0.47:0.0101663881579)0.36:0.00212513362059):0); 0.6375047206448874 0.6 (r7:1,(((r4:1,r3:1)0.44:0.010156854814,(r5:1,(r0:1,(r2:1,r1:1)0.46:0.0118217389652)0.42:0.00887908164113)0.47:0.0129304092376)0.56:0.0223024408912,r6:1):0); 0.41865656442106636 0.37142857142857144
1000 1000.0 13 6.5892333333333335 1.267 754 (r4:1,(r5:1,(r3:1,(r7:1,((r0:1,r2:1)0.45:0.00821295485139,(r6:1,r1:1)0.73:0.0267019976855)0.41:0.00601204215663)0.41:0.00670323574976)0.61:0.0186544355718):0); 0.698935280673192 0.6 (r1:1,((r5:1,r4:1)0.43:0.00930892820422,((r3:1,r7:1)0.44:0.0104214133591,((r6:1,r2:1)0.41:0.00705949171296,r0:1)0.47:0.0129741968938)0.44:0.0118473602901):0); 0.8093488277241733 0.7571428571428571
1000 1000.0 14 6.8131 1.263 753 (r0:1,(r7:1,(r4:1,(r5:1,((r2:1,(r3:1,r1:1)0.53:0.0241657783649)0.4:0.00444292211084,r6:1)0.52:0.0132407867554)0.46:0.0112392480633)0.67:0.0235519048036):0); 0.8032633296287259 0.7285714285714286 (r4:1,(((r5:1,r3:1)0.52:0.0221515299955,(r6:1,(r1:1,r2:1)0.54:0.0202913460483)0.39:0.00607221026906)0.54:0.0246851331868,(r7:1,r0:1)0.84:0.0480210899611):0); 0.8387990936695586 0.7714285714285715
1000 1000.0 15 6.863066666666667 1.262 772 (r4:1,(r3:1,(r0:1,(r7:1,(r1:1,((r5:1,r2:1)0.52:0.0146928274651,r6:1)0.5:0.0119972545426)0.55:0.0152674721308)0.43:0.00821295485139)0.5:0.0134770218442):0); 0.8060181332096529 0.7142857142857143 (r5:1,(r4:1,((r1:1,r0:1)0.47:0.0197874726156,(r2:1,((r3:1,r6:1)0.51:0.0162886983788,r7:1)0.47:0.0128977632302)0.53:0.0178977289866)0.54:0.0184860136926):0); 0.5868237941723417 0.5285714285714286
1000 1000.0 16 6.601083333333333 1.245 765 (r3:1,((r2:1,r5:1)0.47:0.00953583135537,(r7:1,((r0:1,r1:1)0.49:0.0138947883188,(r4:1,r6:1)0.46:0.00896866998276)0.48:0.0118076990497)0.4:0.00632616183881):0); 0.687994334003028 0.6285714285714286 (r2:1,(r3:1,(r7:1,(r4:1,((r1:1,r6:1)0.64:0.0282138424439,(r5:1,r0:1)0.63:0.0263304662987)0.42:0.0084400966681)0.43:0.010150131273)0.5:0.0151100555002):0); 0.8286816372619132 0.7857142857142857
1000 1000.0 17 6.5825499999999995 1.265 741 (r7:1,(r4:1,((r5:1,r0:1)0.84:0.0350088164358,(r6:1,(r3:1,(r1:1,r2:1)0.45:0.00953583135537)0.51:0.0144647512867)0.46:0.00966191091174)0.78:0.030750195985):0); 0.706353207429112 0.6285714285714286 (r6:1,((r0:1,r5:1)0.75:0.0393795132027,((r7:1,r4:1)0.83:0.0469117884117,(r3:1,(r2:1,r1:1)0.43:0.00970967112817)0.52:0.0174374242809)0.41:0.0092579427851):0); 0.680037779575532 0.5857142857142856
1000 1000.0 18 6.9348833333333335 1.234 769 (r4:1,((r0:1,r6:1)0.62:0.0211001720401,((r3:1,(r1:1,r5:1)0.75:0.027856954503)0.63:0.0204371942256,(r2:1,r7:1)0.5:0.0134095204098)0.42:0.00664038022317):0); 0.9082254594504292 0.8571428571428572 (r5:1,(r1:1,((r7:1,(r6:1,(r2:1,r4:1)0.41:0.00728790315759)0.53:0.0219644955242)0.47:0.0123807356653,(r0:1,r3:1)0.43:0.0137755084104)0.63:0.0338334062533):0); 0.7652079672555682 0.7
1000 1000.0 19 6.817002380952381 1.261 772 (r0:1,((r7:1,(r5:1,(r3:1,(r6:1,r1:1)0.61:0.0204881769169)0.48:0.01086046018)0.51:0.0122289822846)0.37:0.00256322230927,(r4:1,r2:1)0.51:0.0128696729036):0); 0.8584336217806773 0.7714285714285715 (r0:1,(r7:1,((r5:1,(r6:1,r1:1)0.69:0.0317486983146)0.46:0.0117367137308,((r4:1,r3:1)0.39:0.00486782329242,r2:1)0.39:0.00530429169968)0.41:0.0098809289816):0); 0.831343078069203 0.7571428571428571
1000 1000.0 1 6.729941666666667 1.258 758 (r1:1,((r0:1,((r4:1,r6:1)0.41:0.0056770898842,(r7:1,(r5:1,r3:1)0.4:0.00500752173062)0.44:0.00852776675388)0.58:0.017128882263)0.48:0.0110498361866,r2:1):0); 0.5949716617142429 0.4714285714285714 (r0:1,(r2:1,(r1:1,(r5:1,(r7:1,(r3:1,(r4:1,r6:1)0.49:0.0145594375557)0.47:0.0161077308159)0.35:0.000582920447867)0.67:0.0305725026754)0.38:0.00460912001926):0); 0.5617584790028126 0.4714285714285714
1000 1000.0 20 6.7920333333333325 1.266 722 (r4:1,(((r7:1,(r2:1,r1:1)0.81:0.0346597018257)0.43:0.00664038022317,(r6:1,(r3:1,r0:1)0.45:0.00893087065936)0.39:0.00438020849256)0.77:0.0292275217896,r5:1):0); 0.7714583957014324 0.7 (r3:1,(r0:1,(r6:1,(r7:1,((r5:1,r4:1)0.65:0.028515170308,(r1:1,r2:1)0.58:0.0227052577265)0.41:0.00755567462069)0.54:0.0194180858571)0.41:0.00742118433762):0); 0.706353207429112 0.6428571428571428
1000 1000.0 21 6.656771428571428 1.273 743 (r1:1,(r6:1,(r7:1,((r0:1,r4:1)0.38:0.00300150300376,((r3:1,r2:1)0.45:0.0134770218442,r5:1)0.45:0.00827590930386)0.38:0.00362795168678)0.63:0.0211001720401):0); 0.7289253367707879 0.7142857142857143 (r3:1,((r0:1,(r5:1,(r2:1,(r6:1,r1:1)0.62:0.0333034107774)0.41:0.00736035440629)0.47:0.0125762909232)0.39:0.00534046663132,(r7:1,r4:1)0.45:0.0106060283078):0); 0.8240870116468336 0.7428571428571429
1000 1000.0 22 6.511207142857144 1.259 755 (r5:1,(r6:1,(r4:1,((r7:1,(r2:1,r0:1)0.61:0.0189598257101)0.45:0.00840183009985,(r3:1,r1:1)0.55:0.0145914538526)0.52:0.0134517082723)0.57:0.0174338067965):0); 0.6346913319524357 0.5428571428571429 (r7:1,((r3:1,(r4:1,(r2:1,(r5:1,r6:1)0.7:0.0323914957912)0.55:0.0260590229369)0.49:0.0149540977578)0.46:0.0114063482064,(r1:1,r0:1)0.39:0.00475311166836):0); 0.6377524531728717 0.6
1000 1000.0 23 6.656795238095238 1.254 779 (r1:1,(r0:1,((r5:1,r7:1)0.88:0.0400652254976,(r4:1,((r6:1,r3:1)0.53:0.0165193119911,r2:1)0.43:0.00783531134237)0.51:0.0140847398817)0.46:0.00934674182091):0); 0.6566195006689618 0.6 (r0:1,(r1:1,(r3:1,((r2:1,(r6:1,r4:1)0.43:0.00871039193065)0.42:0.00968686941822,(r5:1,r7:1)0.71:0.0358020866103)0.49:0.0142108402578)0.52:0.0172668620174):0); 0.5386280889186316 0.4714285714285714
1000 1000.0 24 6.853300000000001 1.245 740 (r7:1,((r3:1,((r1:1,r2:1)0.37:0.00266755743378,(r4:1,(r5:1,r6:1)0.7:0.0260096633373)0.43:0.00739490742194)0.43:0.00752071732335)0.6:0.0189598257101,r0:1):0); 0.6456884571249505 0.5857142857142856 (r2:1,(r1:1,(r7:1,(r4:1,((r6:1,r5:1)0.73:0.0349949946173,(r3:1,r0:1)0.46:0.0120707653207)0.38:0.00475695857634)0.44:0.0106952891167)0.39:0.00689783094393):0); 0.7172941540992759 0.6571428571428571
1000 1000.0 25 6.769111904761905 1.307 753 (r2:1,(r4:1,((r3:1,(r6:1,(r0:1,r7:1)0.64:0.0214063101107)0.48:0.0104818157226)0.48:0.0104187222496,(r5:1,r1:1)0.58:0.0182728290035)0.51:0.0123764733564):0); 0.821987713844206 0.7714285714285715 (r0:1,((r2:1,((r3:1,r6:1)0.48:0.0130229014565,(r5:1,(r1:1,r4:1)0.41:0.00940807507356)0.44:0.0100196873979)0.42:0.0100503358535)0.6:0.0281007286029,r7:1):0); 0.834156466761655 0.7857142857142857
1000 1000.0 26 6.818878571428572 1.234 748 (r5:1,(r3:1,((r2:1,(r1:1,r7:1)0.48:0.0122626926118)0.46:0.00928371992078,(r4:1,(r6:1,r0:1)0.35:0.000799520330416)0.57:0.0163669774642)0.62:0.0191634709608):0); 0.9054120707579772 0.8285714285714285 (r3:1,(r5:1,(r2:1,((r6:1,r0:1)0.46:0.0124890115708,((r7:1,r1:1)0.56:0.0261799848952,r4:1)0.41:0.00898506006676)0.58:0.0219987777557)0.59:0.0231318938033):0); 0.8766895256922995 0.8142857142857143
1000 1000.0 27 7.006583333333333 1.273 780 (r6:1,((r4:1,(r2:1,(r7:1,(r1:1,(r5:1,r0:1)0.63:0.0198765561028)0.46:0.00972495665144)0.39:0.00500752173062)0.47:0.0106711200298)0.35:0.00109950533342,r3:1):0); 0.7824396476106181 0.7 (r7:1,(r5:1,((r2:1,(r6:1,(r3:1,r4:1)0.35:0.00155561348457)0.55:0.0205516634343)0.46:0.0115509305683,(r1:1,r0:1)0.54:0.0201852608672)0.71:0.0346626548643):0); 0.6079816841744566 0.5428571428571429
1000 1000.0 28 6.793399999999999 1.284 758 (r4:1,(r3:1,((r2:1,((r6:1,r7:1)0.54:0.0150350392975,(r0:1,r1:1)0.75:0.0274718206642)0.44:0.00802411527005)0.39:0.00500752173062,r5:1)0.38:0.00320192388828):0); 0.5124091774958326 0.4714285714285714 (r4:1,(r7:1,((r3:1,r2:1)0.61:0.025266401591,(r0:1,(r6:1,(r5:1,r1:1)0.7:0.0319424249896)0.42:0.00807035500646)0.5:0.0159679542559)0.55:0.0232645919615):0); 0.7514680040093731 0.6857142857142857
1000 1000.0 29 6.967466666666668 1.242 755 (r6:1,(r5:1,((r3:1,r1:1)0.58:0.0177006920565,((r4:1,r0:1)0.47:0.00991411772266,(r2:1,r7:1)0.45:0.00953583135537)0.43:0.00906317454268)0.73:0.0267019976855):0); 0.7556888827790574 0.7142857142857143 (r6:1,(((r4:1,(r3:1,r1:1)0.39:0.00525487283836)0.46:0.0119233031004,(r7:1,(r2:1,r0:1)0.38:0.00479946070413)0.53:0.0199146824682)0.41:0.00790037533709,r5:1):0); 0.6697683752827247 0.6
1000 1000.0 2 6.765183333333334 1.263 741 (r0:1,(r2:1,(r4:1,((r6:1,r1:1)0.61:0.0184848146741,(r3:1,(r7:1,r5:1)0.49:0.0113529124126)0.51:0.0123132602334)0.51:0.0124396904756)0.59:0.0223252870478):0); 0.6835788891476913 0.6142857142857143 (r7:1,(r5:1,(r3:1,((r4:1,(r0:1,r1:1)0.42:0.0080537348071)0.55:0.0193481851161,(r6:1,r2:1)0.51:0.0232592141674)0.44:0.011163118543)0.5:0.0166369117582):0); 0.5737051322489205 0.5428571428571429
1000 1000.0 30 6.743183333333333 1.262 750 (r3:1,(((r4:1,r7:1)0.47:0.00970394096323,(r6:1,(r5:1,r0:1)0.38:0.00290130762268)0.7:0.0246520289983)0.53:0.0137048728306,(r1:1,r2:1)0.69:0.0238587944792):0); 0.680037779575532 0.5857142857142856 (r6:1,((r5:1,((r7:1,r4:1)0.64:0.0267577794337,(r3:1,(r1:1,r2:1)0.56:0.0224688797801)0.39:0.0055485640459)0.5:0.0156304778219)0.56:0.0208687976753,r0:1):0); 0.6910349047480469 0.6
1000 1000.0 31 6.7656 1.254 775 (r0:1,(r3:1,(((r6:1,r4:1)0.48:0.0100402449852,(r5:1,(r7:1,r2:1)0.41:0.00530877192118)0.37:0.00275103337189)0.62:0.0208196277824,r1:1)0.68:0.0232451092804):0); 0.7214693211704324 0.6 (r7:1,(r5:1,((r2:1,(r6:1,r4:1)0.45:0.010751844125)0.44:0.0101288668013,(r1:1,(r3:1,r0:1)0.73:0.0362080145113)0.56:0.0212914584319)0.52:0.0175832952457):0); 0.6513152345098542 0.5428571428571429
1000 1000.0 32 6.7587 1.261 751 (r0:1,((r3:1,r7:1)0.67:0.0226318004602,((r6:1,r5:1)0.45:0.00953583135537,(r2:1,(r1:1,r4:1)0.65:0.0214063101107)0.39:0.00412939334201)0.41:0.00576081743479):0); 0.7742717843938842 0.6714285714285715 (r0:1,((r5:1,r6:1)0.5:0.0149218101847,((r3:1,r7:1)0.74:0.0371258518044,(r4:1,(r1:1,r2:1)0.41:0.00745874528768)0.48:0.0147191353304)0.45:0.0105332479533):0); 0.7048454186130136 0.6428571428571428
1000 1000.0 33 6.726566666666667 1.27 750 (r0:1,(r7:1,(r4:1,(r6:1,((r1:1,r2:1)0.56:0.0177006920565,(r5:1,r3:1)0.4:0.005949230059)0.38:0.00312676134926)0.5:0.0114286958236)0.46:0.00953583135537):0); 0.7835668406816522 0.6857142857142857 (r3:1,(r1:1,(r6:1,((r2:1,(r4:1,r5:1)0.37:0.00425080342519)0.48:0.0172456186523,(r0:1,r7:1)0.4:0.00762367986743)0.42:0.00767127049665)0.68:0.0318759343434):0); 0.8203459528966881 0.7571428571428571
1000 1000.0 34 6.602323809523809 1.281 746 (r2:1,((r6:1,r1:1)0.51:0.0128696729036,((r7:1,(r4:1,r3:1)0.57:0.0162146661396)0.38:0.00325203538638,(r5:1,r0:1)0.43:0.00718525942017)0.46:0.00915768803455):0); 0.8203459528966881 0.7714285714285715 (r0:1,(r5:1,((r4:1,r3:1)0.69:0.0317916527185,(r7:1,((r1:1,r6:1)0.44:0.0105574927107,r2:1)0.4:0.0064237677978)0.51:0.0188955370062)0.44:0.0110245072267):0); 0.8322046571761571 0.7714285714285715
1000 1000.0 35 6.723183333333333 1.282 778 (r1:1,(r5:1,(r6:1,((r7:1,r0:1)0.5:0.0120604476925,(r2:1,(r4:1,r3:1)0.73:0.0263173083174)0.51:0.0123132602334)0.52:0.0133251500237)0.53:0.0140847398817):0); 0.8203459528966881 0.7428571428571429 (r5:1,((r6:1,((r3:1,r2:1)0.4:0.00574054389295,(r4:1,(r0:1,r7:1)0.51:0.0172824411487)0.49:0.0148562869956)0.79:0.0408399235393)0.52:0.0171336877079,r1:1):0); 0.8490684979623659 0.7857142857142857
1000 1000.0 36 6.704011904761905 1.252 752 (r3:1,(r6:1,(r5:1,(((r4:1,r7:1)0.52:0.0138947883188,(r0:1,r2:1)0.5:0.0146548111561)0.45:0.00978800636616,r1:1)0.51:0.0121868459737)0.56:0.0156056527224):0); 0.752192007347586 0.6571428571428571 (r4:1,((r0:1,(r1:1,(r5:1,(r6:1,(r2:1,r3:1)0.51:0.0206192872027)0.36:0.00215656758155)0.46:0.0114026320978)0.71:0.0355325710535)0.46:0.0135244003978,r7:1):0); 0.8133188871120245 0.7285714285714286
1000 1000.0 37 6.805171428571429 1.298 773 (r3:1,(((r5:1,r4:1)0.42:0.00821295485139,((r7:1,r0:1)0.56:0.0156056527224,(r2:1,r1:1)0.43:0.00745781039413)0.49:0.0111445376403)0.45:0.00821295485139,r6:1):0); 0.7126828814688351 0.6285714285714286 (r5:1,(r4:1,(((r7:1,r2:1)0.54:0.0185119476665,(r3:1,r1:1)0.79:0.040396372041)0.46:0.0112296104886,(r6:1,r0:1)0.6:0.0282209596031)0.39:0.00521513567911):0); 0.819084119189426 0.7571428571428571
1000 1000.0 38 6.802816666666668 1.257 766 (r4:1,((r1:1,r0:1)0.42:0.00651468102119,((r2:1,(r3:1,r7:1)0.41:0.0059115446941)0.41:0.00651468102119,(r6:1,r5:1)0.67:0.0229043357211)0.51:0.0125661367045):0); 0.6087821755792097 0.5428571428571429 (r5:1,((r2:1,(r3:1,(r0:1,(r6:1,r4:1)0.39:0.00507748617766)0.49:0.0210579332556)0.45:0.0127654991632)0.4:0.00696563547818,(r1:1,r7:1)0.43:0.0100503358535):0); 0.865734375683049 0.8
1000 1000.0 39 6.959116666666667 1.236 779 (r5:1,(r1:1,((r7:1,(r4:1,r0:1)0.58:0.0174338067965)0.42:0.00726911334668,(r6:1,(r2:1,r3:1)0.52:0.0131733012648)0.54:0.0143380647723)0.48:0.0102084394184):0); 0.8093488277241733 0.7857142857142857 (r4:1,((r2:1,((r7:1,r5:1)0.5:0.0167199052111,(r1:1,(r0:1,r6:1)0.45:0.0108868502845)0.52:0.0169327849968)0.36:0.00215007608092)0.63:0.0271290935731,r3:1):0); 0.6835788891476913 0.6142857142857143
1000 1000.0 3 6.684609523809524 1.238 756 (r4:1,(r0:1,((r2:1,(r6:1,(r1:1,r3:1)0.65:0.0214063101107)0.39:0.00463108656713)0.4:0.00513303161469,(r7:1,r5:1)0.46:0.0104818157226)0.71:0.024972059724):0); 0.7835668406816522 0.6857142857142857 (r6:1,((r2:1,((r1:1,r3:1)0.7:0.0321380306146,(r7:1,(r5:1,r0:1)0.46:0.0128670145685)0.39:0.00484017560429)0.39:0.00549213694434)0.7:0.0344674060694,r4:1):0); 0.7742717843938842 0.7285714285714286
1000 1000.0 40 6.6691 1.233 752 (r2:1,(r3:1,(r6:1,((r1:1,r4:1)0.52:0.0139158922663,((r0:1,r5:1)0.85:0.0359015523423,r7:1)0.48:0.0114286958236)0.55:0.0148449071551)0.48:0.0125661367045):0); 0.8093488277241733 0.7571428571428571 (r5:1,((r4:1,((r1:1,r7:1)0.44:0.00937431363558,(r3:1,(r6:1,r2:1)0.47:0.0123491502249)0.42:0.0099305682026)0.35:0.000947556468726)0.57:0.0213455276202,r0:1):0); 0.9007694438500736 0.8428571428571429
1000 1000.0 41 6.901008333333333 1.257 769 (r6:1,(((r4:1,r2:1)0.64:0.0205646558279,(r0:1,r1:1)0.46:0.0137048728306)0.47:0.00940976769305,(r5:1,(r3:1,r7:1)0.48:0.0101411582504)0.48:0.0114286958236):0); 0.5896228107483726 0.48571428571428577 (r1:1,(r0:1,((r2:1,r4:1)0.58:0.021315003935,(r6:1,((r3:1,r7:1)0.64:0.027370494302,r5:1)0.44:0.0103833916434)0.47:0.0129970970981)0.66:0.030741783396):0); 0.5896228107483726 0.48571428571428577
1000 1000.0 42 6.961450000000001 1.271 799 (r7:1,(r2:1,(r0:1,(((r5:1,r4:1)0.48:0.0118076990497,(r1:1,r6:1)0.59:0.0194180858571)0.4:0.00500752173062,r3:1)0.38:0.00369061814457)0.44:0.00772204609391):0); 0.8396225839320771 0.7571428571428571 (r5:1,(r4:1,(((r6:1,r1:1)0.71:0.034727363502,(r0:1,(r7:1,r2:1)0.63:0.0261905651822)0.42:0.00815818770146)0.5:0.0149839249537,r3:1)0.44:0.00974116905555):0); 0.8065354390317213 0.7285714285714286
1000 1000.0 43 7.0052166666666675 1.232 758 (r0:1,(r6:1,(r1:1,(r4:1,((r2:1,r7:1)0.62:0.0203734695163,(r3:1,r5:1)0.63:0.0199912065147)0.45:0.00890567190418)0.43:0.00764654305488)0.35:0.000799520330416):0); 0.821987713844206 0.7714285714285715 (r7:1,(r2:1,((r5:1,r3:1)0.91:0.0575603633002,(r1:1,(r0:1,(r6:1,r4:1)0.49:0.0204257722303)0.41:0.00855608308701)0.43:0.00871669244232)0.69:0.0353113736674):0); 0.797306803927847 0.7571428571428571
1000 1000.0 44 6.747 1.247 785 (r4:1,(r6:1,(r1:1,(r5:1,((r3:1,(r2:1,r0:1)0.48:0.0104439591611)0.43:0.00745781039413,r7:1)0.4:0.00550965581097)0.45:0.00934674182091)0.41:0.00561011289077):0); 0.7345701093610386 0.6285714285714286 (r5:1,(r7:1,(r3:1,(r2:1,((r1:1,r4:1)0.68:0.0308431014539,(r6:1,r0:1)0.4:0.00692729143257)0.45:0.0110688976025)0.42:0.00753745358136)0.47:0.012587458206):0); 0.7200931706753069 0.6857142857142857
1000 1000.0 45 6.688283333333333 1.253 744 (r4:1,(((r5:1,(r1:1,r2:1)0.55:0.0156056527224)0.43:0.00726911334668,(r6:1,(r3:1,r7:1)0.51:0.0174338067965)0.46:0.0104187222496)0.54:0.0140847398817,r0:1):0); 0.7048454186130136 0.6428571428571428 (r1:1,(r2:1,((r5:1,(r6:1,(r7:1,r3:1)0.62:0.030766056316)0.44:0.0136874111481)0.45:0.0108352876237,(r0:1,r4:1)0.54:0.0196391047551)0.55:0.0200443416509):0); 0.6291395741765717 0.5
1000 1000.0 46 6.774554761904762 1.253 731 (r2:1,((r1:1,r3:1)0.47:0.0104439591611,((r0:1,r7:1)0.38:0.00400400935338,((r6:1,r4:1)0.39:0.00380342766582,r5:1)0.62:0.0200549068682)0.41:0.00538409865091):0); 0.7076588073054655 0.6142857142857143 (r6:1,((r5:1,r4:1)0.52:0.018031904132,((r1:1,r0:1)0.42:0.00897952863032,(r2:1,(r7:1,r3:1)0.7:0.0333886958707)0.41:0.00772555535221)0.51:0.0167942878517):0); 0.619051579872017 0.5285714285714286
1000 1000.0 47 6.9079 1.267 753 (r5:1,(r6:1,(r4:1,((r2:1,(r7:1,r1:1)0.46:0.00983844900029)0.49:0.0111761067846,(r0:1,r3:1)0.63:0.0205221668219)0.44:0.00852776675388)0.43:0.007420068136):0); 0.6910349047480469 0.6 (r0:1,(r3:1,((r4:1,(r6:1,r5:1)0.49:0.0185222838509)0.48:0.0132745312087,(r1:1,(r2:1,r7:1)0.47:0.0138454068221)0.53:0.0188959653398)0.51:0.0172571970878):0); 0.680037779575532 0.5857142857142856
1000 1000.0 48 6.815126190476191 1.243 779 (r2:1,((r1:1,((r7:1,r6:1)0.38:0.0043384015986,(r0:1,(r4:1,r5:1)0.67:0.0229384078518)0.38:0.00325203538638)0.53:0.0133251500237)0.34:0.000199820162518,r3:1):0); 0.5977850504066947 0.5142857142857142 (r3:1,(r7:1,(r6:1,((r2:1,r0:1)0.5:0.0154707873658,(r1:1,(r5:1,r4:1)0.48:0.0169450233001)0.35:0.00107446018718)0.38:0.00384533693226)0.38:0.0045420214345):0); 0.6910349047480469 0.6
1000 1000.0 49 6.844952380952381 1.252 753 (r7:1,((r4:1,r1:1)0.38:0.00380342766582,(((r5:1,r6:1)0.69:0.023436845452,(r0:1,r2:1)0.62:0.0213297668063)0.38:0.00312676134926,r3:1)0.56:0.0154154120674):0); 0.752192007347586 0.6714285714285715 (r7:1,(((r3:1,r0:1)0.73:0.0350641462674,(r5:1,(r1:1,(r2:1,r6:1)0.48:0.0133442065512)0.43:0.0142851783127)0.7:0.0320097803145)0.63:0.0266029378578,r4:1):0); 0.8212637105059932 0.7285714285714286
1000 1000.0 4 6.672140476190476 1.276 785 (r7:1,(r3:1,(r1:1,((r5:1,(r2:1,r4:1)0.67:0.0226318004602)0.45:0.00865371926994,(r6:1,r0:1)0.41:0.00601204215663)0.56:0.0163669774642)0.46:0.00893087065936):0); 0.834156466761655 0.7857142857142857 (r3:1,(r5:1,(r4:1,(((r2:1,r7:1)0.59:0.0244910200083,(r6:1,r0:1)0.53:0.0192292843059)0.44:0.0102784630806,r1:1)0.48:0.0136748831579)0.4:0.00866106228269):0); 0.8212637105059932 0.7714285714285715
1000 1000.0 50 6.83365 1.24 744 (r0:1,(r2:1,((r5:1,(r4:1,r7:1)0.43:0.00711818134126)0.42:0.00638899761752,(r3:1,(r6:1,r1:1)0.51:0.0122626926118)0.41:0.00638899761752)0.51:0.0142536160115):0); 0.726111948078336 0.6428571428571428 (r2:1,(((r7:1,r4:1)0.38:0.00433147833262,(r0:1,(r3:1,(r6:1,r1:1)0.48:0.0167825901765)0.48:0.0137749345403)0.49:0.0162677682202)0.57:0.0223722977545,r5:1):0); 0.8286816372619132 0.7571428571428571
1000 1000.0 51 6.528273809523809 1.262 775 (r6:1,(r0:1,((r1:1,(r7:1,(r5:1,r2:1)0.69:0.0260096633373)0.38:0.00369061814457)0.43:0.00928371992078,(r4:1,r3:1)0.71:0.0274718206642)0.42:0.00632616183881):0); 0.8699015270004984 0.7714285714285715 (r0:1,(r6:1,(r5:1,((r1:1,(r4:1,r3:1)0.5:0.015781868471)0.6:0.0277624469659,(r2:1,r7:1)0.55:0.0206974302828)0.41:0.00843206227745)0.38:0.00424629088145):0); 0.8203459528966881 0.7714285714285715
1000 1000.0 52 6.529502380952381 1.279 741 (r6:1,(r4:1,(r0:1,((r1:1,(r3:1,r7:1)0.38:0.0035026305512)0.52:0.0129455713515,(r2:1,r5:1)0.47:0.00987207883668)0.55:0.0158593632401)0.37:0.00230034606613):0); 0.8518818866548178 0.8 (r0:1,(r4:1,(r5:1,(r2:1,(r1:1,(r6:1,(r7:1,r3:1)0.37:0.00342311837728)0.48:0.0214747698201)0.45:0.0108382929781)0.41:0.00818558458644)0.45:0.0108411623083):0); 0.7716715230758092 0.7
1000 1000.0 53 6.933619047619048 1.249 779 (r2:1,(((r4:1,r5:1)0.4:0.00481928643595,(r7:1,r1:1)0.56:0.016557399249)0.64:0.0208196277824,(r6:1,(r0:1,r3:1)0.45:0.00983844900029)0.44:0.00764654305488):0); 0.8459446204223522 0.7571428571428571 (r4:1,((r5:1,(r0:1,(r2:1,(r6:1,r3:1)0.38:0.00368942226313)0.46:0.0134202056072)0.61:0.0266783037009)0.41:0.00732910829673,(r1:1,r7:1)0.85:0.0499576264454):0); 0.8511328678783057 0.7857142857142857
1000 1000.0 54 6.84457380952381 1.262 754 (r5:1,((r4:1,((r3:1,r7:1)0.62:0.0194180858571,(r1:1,r0:1)0.73:0.0268943978785)0.35:0.00112450814623)0.44:0.0085907410289,(r2:1,r6:1)0.46:0.0119593405694):0); 0.6777773906710769 0.6285714285714286 (r5:1,(r3:1,(((r7:1,r4:1)0.57:0.022922678632,(r2:1,r6:1)0.42:0.00789997525316)0.43:0.0086835967949,(r0:1,r1:1)0.4:0.00664237211108)0.82:0.0439438012431):0); 0.6230903942388009 0.5857142857142856
1000 1000.0 55 6.859683333333334 1.255 771 (r5:1,(r0:1,(r2:1,((r7:1,(r1:1,r3:1)0.54:0.0153012850439)0.65:0.0209471381428,(r4:1,r6:1)0.4:0.00500752173062)0.63:0.0213297668063)0.5:0.0113529124126):0); 0.8168048433245289 0.7428571428571429 (r2:1,((r6:1,(r4:1,(r7:1,(r1:1,r3:1)0.43:0.00888430196944)0.72:0.0362239143826)0.4:0.00635656575483)0.59:0.0232543348407,(r0:1,r5:1)0.4:0.00586714366399):0); 0.85496625114824 0.7714285714285715
1000 1000.0 56 6.672149999999999 1.236 779 (r4:1,(r7:1,((r1:1,(r0:1,r2:1)0.67:0.0226318004602)0.5:0.0118076990497,(r3:1,(r5:1,r6:1)0.62:0.0189598257101)0.39:0.00362795168678)0.63:0.020012439515):0); 0.5358147002261797 0.4285714285714286 (r5:1,(((r0:1,r6:1)0.43:0.00905082237549,(r7:1,r4:1)0.58:0.0223840813835)0.49:0.0144136251464,(r3:1,(r2:1,r1:1)0.54:0.0187445270943)0.48:0.0134331180128):0); 0.6612384108488507 0.6
1000 1000.0 57 6.6623833333333335 1.273 745 (r7:1,((r5:1,r0:1)0.61:0.0189598257101,((r6:1,(r4:1,r1:1)0.48:0.0125661367045)0.58:0.016620881236,(r3:1,r2:1)0.4:0.00500752173062)0.39:0.00387864108393):0); 0.8490684979623659 0.7571428571428571 (r5:1,(r7:1,(r2:1,(r3:1,(r0:1,((r1:1,r4:1)0.59:0.0255379268494,r6:1)0.45:0.0130927378164)0.41:0.00752926085148)0.49:0.0155146450913)0.48:0.013615402018):0); 0.7897404015129899 0.7142857142857143
1000 1000.0 58 6.806271428571429 1.225 756 (r2:1,((r4:1,(r6:1,(r0:1,(r1:1,(r3:1,r7:1)0.43:0.00742006813601)0.46:0.00934674182091)0.41:0.00584455199628)0.36:0.001624695727)0.68:0.0235519048036,r5:1):0); 0.8268418152277606 0.7428571428571429 (r0:1,((r5:1,(r2:1,r6:1)0.54:0.0255363633343)0.4:0.0057005197123,((r3:1,r4:1)0.53:0.0194441258285,(r7:1,r1:1)0.55:0.0195987007222)0.47:0.0127752951135):0); 0.8745204371803873 0.7857142857142857
1000 1000.0 59 6.881333333333334 1.237 760 (r3:1,((r2:1,r6:1)0.42:0.00651468102119,((r5:1,r7:1)0.6:0.0193332070216,(r4:1,(r1:1,r0:1)0.4:0.00500752173062)0.49:0.0111761067846)0.46:0.00966191091174):0); 0.6485018458174023 0.5714285714285714 (r0:1,(r4:1,(r1:1,((r7:1,r5:1)0.54:0.0182304372614,(r3:1,(r2:1,r6:1)0.44:0.0124269307352)0.4:0.00610632760002)0.44:0.0104376700309)0.37:0.00366013480506):0); 0.7473784775436583 0.6428571428571428
1000 1000.0 5 7.111283333333334 1.251 770 (r3:1,(r4:1,(r5:1,((r6:1,(r7:1,(r1:1,r2:1)0.49:0.0125661367045)0.44:0.00821295485139)0.41:0.0056770898842,r0:1)0.41:0.005949230059)0.68:0.0232451092804):0); 0.7272693554586669 0.6571428571428571 (r0:1,((r3:1,r4:1)0.47:0.0125485101694,(r6:1,((r1:1,(r5:1,r2:1)0.38:0.00392592464647)0.42:0.00903231947084,r7:1)0.41:0.00881233611584)0.42:0.0114211652211):0); 0.8060181332096529 0.7142857142857143
1000 1000.0 60 6.997483333333332 1.249 776 (r4:1,(r3:1,(r6:1,(r7:1,((r5:1,r2:1)0.56:0.0157959295758,(r1:1,r0:1)0.5:0.0121868459737)0.5:0.0133251500237)0.34:0.000312236552947)0.46:0.00923330526019):0); 0.6107807007504877 0.5285714285714286 (r1:1,(r6:1,(r7:1,((r4:1,(r3:1,r0:1)0.37:0.00349895388461)0.55:0.0189692813209,(r2:1,r5:1)0.6:0.0238978418542)0.39:0.00475882360337)0.47:0.0146685215784):0); 0.715114822905821 0.7
1000 1000.0 61 6.8874666666666675 1.27 754 (r1:1,(r6:1,((r2:1,(r3:1,r7:1)0.57:0.0159101130688)0.39:0.00400400935338,(r5:1,(r0:1,r4:1)0.54:0.0143887374521)0.46:0.011302393329)0.39:0.00484019971902):0); 0.8157033259887845 0.7857142857142857 (r3:1,(r7:1,(r2:1,((r6:1,r1:1)0.4:0.00647632525613,((r5:1,r0:1)0.42:0.00824204578063,r4:1)0.48:0.0144140048124)0.42:0.00821952867084)0.73:0.0356422179512):0); 0.8582363849194291 0.8142857142857143
1000 1000.0 62 6.822550000000001 1.225 740 (r7:1,(r5:1,(r1:1,(((r3:1,r4:1)0.53:0.0146548111561,(r0:1,r6:1)0.57:0.0163669774642)0.42:0.00601204215663,r2:1)0.49:0.0114286958236)0.52:0.0137808346978):0); 0.821987713844206 0.7571428571428571 (r2:1,(r7:1,((r4:1,(r0:1,r6:1)0.57:0.0215560141272)0.49:0.0142170270572,(r1:1,(r3:1,r5:1)0.37:0.00313972000467)0.48:0.0132510772864)0.43:0.0102728674825):0); 0.8656924005197847 0.8285714285714285
1000 1000.0 63 6.9702 1.264 762 (r6:1,(r1:1,(r0:1,(((r3:1,r7:1)0.57:0.0188452934787,(r5:1,r4:1)0.6:0.0177006920565)0.42:0.00827590930386,r2:1)0.42:0.00689182603792)0.57:0.0165193119911):0); 0.6823963008509658 0.6285714285714286 (r5:1,((r4:1,r7:1)0.51:0.0200213798606,((r3:1,(r6:1,r2:1)0.49:0.0181839241076)0.44:0.00978375018068,(r1:1,r0:1)0.5:0.0166360623083)0.52:0.0165507124002):0); 0.6300487050445318 0.5714285714285714
1000 1000.0 64 6.734 1.272 789 (r3:1,(r6:1,(r2:1,((r0:1,r4:1)0.45:0.0120604476925,(r5:1,(r7:1,r1:1)0.37:0.00230034606613)0.54:0.0140847398817)0.42:0.00638899761752)0.47:0.00983844900029):0); 0.834156466761655 0.7857142857142857 (r0:1,(r4:1,((r5:1,r7:1)0.47:0.0133641802988,(r2:1,((r1:1,r3:1)0.53:0.017284592201,r6:1)0.43:0.0101832804823)0.4:0.00630425321515)0.58:0.0222798978418):0); 0.7835668406816522 0.6857142857142857
1000 1000.0 65 6.630566666666667 1.257 753 (r2:1,(r3:1,((r7:1,(r5:1,(r0:1,r4:1)0.43:0.00711818134126)0.59:0.0177006920565)0.51:0.0124396904756,(r6:1,r1:1)0.46:0.00896866998276)0.58:0.0177006920565):0); 0.8110467671740422 0.7428571428571429 (r5:1,(r3:1,(((r2:1,r4:1)0.47:0.012581510865,(r7:1,r0:1)0.63:0.0283967635726)0.49:0.0161491153316,(r1:1,r6:1)0.48:0.0180658551085)0.36:0.00229170177234):0); 0.8732095271792631 0.8285714285714285
1000 1000.0 66 6.876511904761904 1.267 749 (r6:1,((r5:1,((r1:1,r2:1)0.46:0.00919969689843,(r7:1,(r4:1,r3:1)0.66:0.0223252870478)0.49:0.011302393329)0.45:0.00890567190418)0.41:0.00561011289077,r0:1):0); 0.7714583957014323 0.6714285714285715 (r1:1,(r3:1,((r6:1,(r5:1,r0:1)0.43:0.00951884500921)0.55:0.0193321153793,(r4:1,(r2:1,r7:1)0.47:0.0125607249835)0.5:0.0148216406477)0.49:0.0148656815503):0); 0.8168048433245289 0.7714285714285715
1000 1000.0 67 6.825166666666666 1.244 793 (r1:1,((r3:1,(r6:1,(r0:1,r5:1)0.51:0.0165193119911)0.49:0.0114286958236)0.48:0.0100402449852,(r4:1,(r7:1,r2:1)0.4:0.00470636226441)0.49:0.0106711200298):0); 0.882012107379712 0.8 (r0:1,(r3:1,((r5:1,r6:1)0.51:0.0165453895967,(r1:1,((r7:1,r2:1)0.52:0.0163207122256,r4:1)0.45:0.0127513112677)0.68:0.0303140169218)0.41:0.00687140345925):0); 0.752192007347586 0.7
1000 1000.0 68 6.881783333333333 1.25 759 (r1:1,((r0:1,(r2:1,r4:1)0.4:0.00500752173062)0.47:0.0106711200298,((r6:1,r5:1)0.52:0.0137048728306,(r3:1,r7:1)0.47:0.0102925472447)0.59:0.0176371414861):0); 0.6742543707568329 0.5428571428571429 (r4:1,(r2:1,((r1:1,(r5:1,(r0:1,r6:1)0.45:0.0113056385895)0.51:0.0182928466251)0.48:0.0132393813777,(r7:1,r3:1)0.62:0.0285925218284)0.44:0.0103933980831):0); 0.8110467671740422 0.7714285714285715
1000 1000.0 69 6.82575 1.275 775 (r7:1,(r6:1,((r5:1,(r4:1,r2:1)0.59:0.0180439349423)0.43:0.00739490742194,((r1:1,r0:1)0.81:0.0324901674245,r3:1)0.51:0.0133251500237)0.45:0.00953583135537):0); 0.4638313753501498 0.41428571428571426 (r4:1,((r2:1,r5:1)0.42:0.010531777319,((r7:1,r6:1)0.43:0.00967841315192,((r0:1,r1:1)0.57:0.0229655187047,r3:1)0.5:0.0149304948141)0.54:0.0181680127734):0); 0.5063644342807944 0.44285714285714284
1000 1000.0 6 6.8354 1.237 754 (r2:1,(r5:1,(r1:1,(((r6:1,r7:1)0.67:0.0226701212435,(r0:1,r3:1)0.46:0.00915768803455)0.39:0.00488202759731,r4:1)0.42:0.00651468102119)0.7:0.0312525435041):0); 0.6742543707568329 0.6285714285714286 (r0:1,(r3:1,(((r4:1,r1:1)0.6:0.0250672756017,(r5:1,r2:1)0.88:0.0513274935292)0.39:0.00472352046906,(r7:1,r6:1)0.67:0.0306989868888)0.69:0.0318626909052):0); 0.658557473478998 0.6428571428571428
1000 1000.0 70 6.947283333333333 1.215 767 (r1:1,(r2:1,(((r0:1,r7:1)0.46:0.0123764733564,(r6:1,r5:1)0.65:0.0224785320102)0.45:0.00981953271431,(r4:1,r3:1)0.44:0.00802411527005)0.59:0.0177006920565):0); 0.6528681296680557 0.5571428571428572 (r4:1,(r3:1,((r5:1,r6:1)0.78:0.0413268141944,(r2:1,(r1:1,(r0:1,r7:1)0.49:0.0183002353256)0.48:0.0140611623719)0.35:0.000959728396725)0.77:0.038975398229):0); 0.6400805208467357 0.5571428571428572
1000 1000.0 71 6.6086833333333335 1.274 735 (r5:1,(r1:1,(((r2:1,r7:1)0.51:0.0129455713515,(r0:1,r3:1)0.39:0.00463108656713)0.41:0.00557244030322,(r6:1,r4:1)0.43:0.00783531134237)0.43:0.00972495665144):0); 0.8079647125098113 0.7571428571428571 (r2:1,(r7:1,((r0:1,(r4:1,r3:1)0.56:0.0201817975328)0.36:0.00260416813839,((r1:1,r5:1)0.67:0.0296250651819,r6:1)0.38:0.00423304631196)0.67:0.031465938197):0); 0.8093488277241733 0.7571428571428571
1000 1000.0 72 6.850783333333333 1.269 783 (r1:1,((r0:1,(r2:1,r7:1)0.51:0.0128696729036)0.42:0.00670323574976,(r4:1,(r3:1,(r5:1,r6:1)0.42:0.00711818134126)0.46:0.00934674182091)0.44:0.00802411527005):0); 0.7036908698596324 0.6285714285714286 (r0:1,(r7:1,(r2:1,((r5:1,(r4:1,(r6:1,r3:1)0.47:0.0153253107033)0.6:0.0236824846436)0.41:0.00725652081783,r1:1)0.49:0.0149457112423)0.54:0.0213605412451):0); 0.8032633296287259 0.7285714285714286
1000 1000.0 73 6.5659833333333335 1.257 764 (r2:1,((r5:1,r1:1)0.84:0.0355909451027,(r0:1,(r6:1,(r3:1,(r7:1,r4:1)0.65:0.0250872958622)0.34:0.000124882922423)0.45:0.00953583135537)0.35:0.000687049151038):0); 0.7165012309238578 0.6428571428571428 (r7:1,(r4:1,((r3:1,(r0:1,(r2:1,(r1:1,r5:1)0.77:0.0397499915589)0.42:0.00852765564265)0.42:0.00862450231756)0.36:0.00164392606478,r6:1)0.7:0.0339981128895):0); 0.6821546207900141 0.5571428571428572
1000 1000.0 74 6.62235 1.248 747 (r1:1,((r3:1,r6:1)0.61:0.0201823197499,(r5:1,(r2:1,((r0:1,r7:1)0.51:0.0153012850439,r4:1)0.75:0.0280495770597)0.45:0.00802411527005)0.47:0.00991411772266):0); 0.9136039139326287 0.8285714285714285 (r1:1,((r5:1,(r3:1,r6:1)0.74:0.0362868393549)0.52:0.0175073723733,(r2:1,((r7:1,r0:1)0.53:0.0185291404687,r4:1)0.52:0.0195621752452)0.43:0.00882986043458):0); 0.8584336217806773 0.7857142857142857
1000 1000.0 75 6.789200000000001 1.243 754 (r4:1,(r6:1,((r3:1,(r2:1,(r7:1,r1:1)0.53:0.0140847398817)0.38:0.00425479305376)0.6:0.0182728290035,(r5:1,r0:1)0.47:0.0104818157226)0.66:0.0217125419306):0); 0.8396225839320771 0.7714285714285715 (r5:1,((r6:1,((r4:1,r3:1)0.41:0.00804004723231,(r1:1,(r7:1,r2:1)0.5:0.0150926622361)0.57:0.0275572993518)0.52:0.0173839234617)0.45:0.0111451809773,r0:1):0); 0.8518818866548178 0.7571428571428571
1000 1000.0 76 6.836399999999999 1.228 764 (r5:1,(r6:1,(r0:1,(((r2:1,r1:1)0.62:0.0220954636278,(r7:1,r3:1)0.5:0.0135149934035)0.42:0.00664038022317,r4:1)0.68:0.0232451092804)0.45:0.00923330526019):0); 0.717294154099276 0.6428571428571428 (r6:1,((r1:1,((r5:1,r4:1)0.39:0.00622933686567,(r3:1,(r7:1,r2:1)0.6:0.0250639686632)0.6:0.0251028041077)0.5:0.0184271691782)0.38:0.00376648279548,r0:1):0); 0.8037220503392696 0.7428571428571429
1000 1000.0 77 6.733166666666666 1.245 755 (r3:1,(r4:1,(r2:1,((r7:1,(r6:1,r0:1)0.89:0.0399482504717)0.42:0.00626333000818,(r5:1,r1:1)0.67:0.0222231367847)0.39:0.0047565492108)0.57:0.0174338067965):0); 0.7537329758082695 0.7 (r4:1,((r3:1,r7:1)0.39:0.00550183302829,((r6:1,r0:1)0.93:0.0607822482058,(r1:1,(r5:1,r2:1)0.42:0.00821611124766)0.41:0.00800178853047)0.43:0.00914730485554):0); 0.8444258710544623 0.7714285714285715
1000 1000.0 78 6.7778 1.25 735 (r6:1,(r2:1,((r3:1,(r5:1,(r0:1,(r4:1,r1:1)0.7:0.0257021129735)0.42:0.005949230059)0.41:0.00517487174356)0.59:0.0180820803144,r7:1)0.58:0.017128882263):0); 0.738037479993476 0.6571428571428571 (r1:1,((r0:1,r7:1)0.39:0.00650780592451,((r3:1,(r2:1,r6:1)0.59:0.0233389155179)0.45:0.011291161408,(r5:1,r4:1)0.4:0.00656446779975)0.41:0.00821587834502):0); 0.8037220503392696 0.7428571428571429
1000 1000.0 79 6.804064285714286 1.252 745 (r6:1,(r5:1,((r1:1,r3:1)0.4:0.00500752173062,((r2:1,r0:1)0.42:0.00708045189909,(r4:1,r7:1)0.53:0.0140847398817)0.39:0.00387864108393)0.62:0.0207558786988):0); 0.6883352089082528 0.6 (r0:1,(r5:1,((r1:1,r2:1)0.58:0.0217748310351,((r7:1,r3:1)0.53:0.0178784396715,(r4:1,r6:1)0.37:0.00339447355777)0.42:0.00953516745683)0.46:0.0120057543034):0); 0.7015634747892203 0.6
1000 1000.0 7 6.755426190476189 1.252 766 (r2:1,((r5:1,(r3:1,((r4:1,r7:1)0.44:0.00953583135537,(r0:1,r1:1)0.63:0.0196090895823)0.39:0.00400400935338)0.62:0.0190361878192)0.57:0.0168240506801,r6:1):0); 0.6851953174269969 0.6428571428571428 (r2:1,(((r0:1,r1:1)0.57:0.0211753817037,(r3:1,(r7:1,r4:1)0.48:0.0132733565409)0.44:0.0106570297276)0.46:0.012808131094,(r5:1,r6:1)0.62:0.028140959688):0); 0.5598946183839538 0.5285714285714286
1000 1000.0 80 6.800447619047619 1.261 749 (r3:1,(r1:1,(r2:1,((r6:1,(r0:1,r7:1)0.54:0.0149970099769)0.52:0.0172559228526,(r5:1,r4:1)0.38:0.00333556013063)0.44:0.00777238462051)0.53:0.0146928274651):0); 0.6623123596823691 0.6 (r1:1,((r3:1,r2:1)0.57:0.0231825659878,((r5:1,r7:1)0.73:0.0349947247858,(r6:1,(r0:1,r4:1)0.43:0.0121499363886)0.47:0.0140894153825)0.44:0.0114185925173):0); 0.715114822905821 0.6
1000 1000.0 81 6.745666666666666 1.264 756 (r0:1,(r3:1,(r5:1,((r6:1,r1:1)0.56:0.0154365481309,((r2:1,r7:1)0.45:0.00832627571954,r4:1)0.45:0.00915768803455)0.43:0.00764654305488)0.6:0.0235519048036):0); 0.8306153571894956 0.8 (r3:1,(r0:1,(r4:1,((r1:1,r5:1)0.73:0.0383104308245,(r6:1,(r2:1,r7:1)0.76:0.0440504430268)0.4:0.00604502008733)0.41:0.0069768578824)0.45:0.0116310659354):0); 0.715114822905821 0.6857142857142857
1000 1000.0 82 6.467299999999999 1.24 748 (r4:1,(r0:1,((r1:1,r3:1)0.42:0.00745781039413,((r6:1,r2:1)0.47:0.00953583135537,(r7:1,r5:1)0.69:0.0243960781395)0.47:0.00972495665144)0.6:0.0196090895823):0); 0.7015634747892203 0.6 (r0:1,(r4:1,(((r2:1,r6:1)0.5:0.0150832422113,(r3:1,(r7:1,r5:1)0.69:0.0322262043777)0.37:0.00323102058145)0.38:0.00379846283993,r1:1)0.56:0.0208095810954):0); 0.6835788891476913 0.6142857142857143
1000 1000.0 83 6.796733333333334 1.254 757 (r5:1,(r3:1,(r1:1,((r4:1,(r6:1,r7:1)0.53:0.017128882263)0.38:0.00337732511905,(r2:1,r0:1)0.6:0.0191634709608)0.49:0.0115550142726)0.78:0.0303253297149):0); 0.5598946183839538 0.48571428571428577 (r0:1,(r2:1,((r7:1,r4:1)0.42:0.00945344303169,((r3:1,(r1:1,r5:1)0.43:0.00860220358266)0.54:0.0184687487395,r6:1)0.45:0.0111264784874)0.56:0.0204347973338):0); 0.752192007347586 0.7
1000 1000.0 84 6.646695238095238 1.278 760 (r4:1,((r0:1,r7:1)0.88:0.039636383948,((r1:1,(r2:1,(r5:1,r3:1)0.69:0.0247800289985)0.49:0.0116181794812)0.69:0.0239270049768,r6:1)0.41:0.00613767818921):0); 0.8268418152277606 0.7428571428571429 (r0:1,(r7:1,((r6:1,r4:1)0.49:0.0159577854386,(r1:1,(r2:1,(r5:1,r3:1)0.85:0.0459392674213)0.53:0.0180658551085)0.55:0.0227584818898)0.56:0.0201584389627):0); 0.7652079672555682 0.7142857142857143
1000 1000.0 85 6.975183333333334 1.246 759 (r3:1,(((r2:1,r1:1)0.65:0.021138434174,((r7:1,r5:1)0.43:0.00745781039413,(r4:1,r6:1)0.56:0.0161765919329)0.6:0.0183682169943)0.5:0.016557399249,r0:1):0); 0.5034608906372424 0.37142857142857144 (r0:1,(((r1:1,r2:1)0.59:0.0231437463902,(r6:1,(r4:1,(r7:1,r5:1)0.44:0.00946858346969)0.47:0.0139583522507)0.57:0.021315194199)0.56:0.023765693761,r3:1):0); 0.4930711810975756 0.37142857142857144
1000 1000.0 86 6.998600000000001 1.257 752 (r0:1,((r2:1,(r4:1,((r6:1,r1:1)0.44:0.00821295485139,(r7:1,r5:1)0.51:0.0133251500237)0.36:0.001624695727)0.64:0.0209471381428)0.47:0.0113529124126,r3:1):0); 0.6640374274248819 0.5571428571428572 (r7:1,((r3:1,r0:1)0.39:0.00460912001926,((r2:1,(r5:1,r6:1)0.44:0.0110145011218)0.47:0.0129544022605,(r4:1,r1:1)0.52:0.0172375605196)0.48:0.0134239943497):0); 0.7501918662361101 0.7142857142857143
1000 1000.0 87 6.773149999999999 1.249 755 (r3:1,((r1:1,(r5:1,r6:1)0.41:0.00651468102119)0.43:0.00670323574976,((r2:1,r7:1)0.51:0.0127558360317,(r0:1,r4:1)0.48:0.0118076990497)0.38:0.00412939334201):0); 0.8184646939299621 0.7714285714285715 (r7:1,(r2:1,(((r3:1,r0:1)0.48:0.013404221901,(r1:1,(r5:1,r6:1)0.49:0.0166008864747)0.41:0.00884862820808)0.39:0.00521247639108,r4:1)0.48:0.0153557348448):0); 0.761188991408625 0.7285714285714286
1000 1000.0 88 6.8976999999999995 1.261 757 (r0:1,(((r6:1,(r3:1,r4:1)0.53:0.0140847398817)0.55:0.0149716579,(r7:1,(r1:1,r2:1)0.62:0.0201823197499)0.4:0.00588642190648)0.45:0.0142536160115,r5:1):0); 0.7640023801010768 0.7142857142857143 (r0:1,((r7:1,r5:1)0.36:0.00193713189042,((r3:1,(r4:1,r6:1)0.48:0.0177435457058)0.62:0.0258761864677,(r1:1,r2:1)0.46:0.0148842671961)0.62:0.0266562988657):0); 0.6697683752827247 0.6
1000 1000.0 89 6.731733333333334 1.274 768 (r0:1,(r4:1,(r1:1,((r6:1,r5:1)0.41:0.00550965581097,(r7:1,(r3:1,r2:1)0.61:0.0189598257101)0.43:0.00739490742194)0.57:0.0168748494914)0.33:0):0); 0.6910349047480469 0.6 (r6:1,(r3:1,(((r5:1,r2:1)0.59:0.0238730405911,(r1:1,(r4:1,r0:1)0.49:0.0146415499929)0.51:0.0164008855394)0.42:0.00942924227148,r7:1)0.48:0.0139911960873):0); 0.6973894030126582 0.6142857142857143
1000 1000.0 8 6.633100000000001 1.264 767 (r6:1,(((r1:1,r7:1)0.53:0.0144647512867,((r5:1,r2:1)0.51:0.0125661367045,(r3:1,r4:1)0.62:0.0220954636278)0.42:0.00623191557325)0.47:0.0101033145826,r0:1):0); 0.8509707138200336 0.7714285714285715 (r4:1,(r3:1,(r2:1,(r6:1,((r5:1,r0:1)0.65:0.0286738002186,(r1:1,r7:1)0.57:0.0213117526737)0.42:0.00848498654994)0.43:0.008544251783)0.47:0.012529944218):0); 0.778947930501763 0.7428571428571429
1000 1000.0 90 6.9788 1.246 756 (r0:1,(r4:1,(r5:1,(r7:1,((r3:1,r1:1)0.46:0.01086046018,(r6:1,r2:1)0.44:0.00783531134237)0.54:0.0144647512867)0.37:0.00256322230927)0.57:0.0244728565187):0); 0.8001058205038781 0.7428571428571429 (r4:1,(r0:1,(r7:1,(r5:1,((r3:1,(r6:1,r2:1)0.69:0.0315449839215)0.51:0.017300904846,r1:1)0.46:0.0125667153322)0.41:0.00689997809)0.67:0.029918320491):0); 0.8511328678783057 0.7857142857142857
1000 1000.0 91 6.854890476190476 1.233 758 (r1:1,(r4:1,(r7:1,(r6:1,((r0:1,r2:1)0.39:0.00519579246449,(r5:1,r3:1)0.68:0.0232451092804)0.38:0.0035026305512)0.44:0.00821295485139)0.44:0.00772204609391):0); 0.741251060677422 0.6571428571428571 (r2:1,(((r3:1,r0:1)0.45:0.0105233918618,(r7:1,(r1:1,r4:1)0.52:0.0171003992523)0.53:0.018111749943)0.48:0.0131120759681,(r5:1,r6:1)0.63:0.0285733724441):0); 0.7501918662361101 0.7
1000 1000.0 92 6.837 1.269 779 (r5:1,(((r2:1,(r4:1,r6:1)0.48:0.0119593405694)0.36:0.00212513362059,(r1:1,(r3:1,r7:1)0.48:0.010746851788)0.46:0.0100402449852)0.49:0.0110498361866,r0:1):0); 0.8093488277241733 0.7857142857142857 (r7:1,(r3:1,((r5:1,r0:1)0.46:0.0120385381016,((r2:1,r4:1)0.37:0.0032690450819,(r6:1,r1:1)0.49:0.0142959386399)0.54:0.0182034356434)0.4:0.0062696130136):0); 0.8620901204996485 0.8285714285714285
1000 1000.0 93 6.5543499999999995 1.252 730 (r3:1,(r4:1,(r6:1,((r0:1,r2:1)0.79:0.0311151242377,(r1:1,(r7:1,r5:1)0.42:0.00711818134126)0.41:0.00613767818921)0.38:0.0035026305512)0.66:0.0217125419306):0); 0.7048454186130136 0.6142857142857143 (r4:1,(r3:1,(r6:1,(r1:1,(r5:1,(r7:1,(r2:1,r0:1)0.48:0.029076540478)0.36:0.00235175650135)0.45:0.0120021116096)0.45:0.0142094422704)0.49:0.0147299232311):0); 0.7959625757263543 0.7
1000 1000.0 94 6.717838095238096 1.267 737 (r7:1,(r5:1,(r0:1,(r6:1,(r1:1,(r2:1,(r3:1,r4:1)0.51:0.0125661367045)0.47:0.0104818157226)0.54:0.0147604155831)0.35:0.00106200228629)0.63:0.0204881769169):0); 0.7165012309238578 0.6142857142857143 (r4:1,((r2:1,(r6:1,(r0:1,(r1:1,(r5:1,r7:1)0.57:0.0250401458973)0.42:0.00783615338601)0.47:0.0129242509809)0.38:0.00409836639228)0.77:0.038829059718,r3:1):0); 0.7272693554586669 0.6571428571428571
1000 1000.0 95 6.763450000000001 1.263 760 (r7:1,(r2:1,((r0:1,(r1:1,r5:1)0.47:0.00983844900029)0.69:0.0255483732545,(r6:1,(r3:1,r4:1)0.36:0.00200000066667)0.43:0.00840183009985)0.41:0.00718525942017):0); 0.7427358506357545 0.7 (r4:1,(r3:1,((r1:1,(r6:1,r5:1)0.44:0.0101486916721)0.37:0.0035026305512,((r7:1,r2:1)0.5:0.0157483569681,r0:1)0.49:0.0175513371902)0.41:0.00705487342593):0); 0.7927249251667546 0.7142857142857143
1000 1000.0 96 6.602516666666666 1.237 736 (r5:1,(r3:1,(((r4:1,r0:1)0.64:0.0209471381428,(r7:1,r2:1)0.4:0.00576081743479)0.46:0.0106711200298,(r1:1,r6:1)0.83:0.0336518326083)0.41:0.00651468102119):0); 0.8620901204996485 0.8285714285714285 (r7:1,(((r5:1,r3:1)0.51:0.0173286625054,(r0:1,(r4:1,r2:1)0.49:0.0205860666348)0.5:0.0183410614174)0.42:0.0115243320436,(r1:1,r6:1)0.55:0.0199901448765):0); 0.7427358506357545 0.6857142857142857
1000 1000.0 97 6.7918666666666665 1.235 774 (r7:1,(r5:1,((r4:1,r6:1)0.48:0.0123764733564,(r0:1,(r3:1,(r2:1,r1:1)0.43:0.00711818134126)0.5:0.0129455713515)0.43:0.00865371926994)0.61:0.0199912065147):0); 0.4930711810975755 0.37142857142857144 (r4:1,(r6:1,(r0:1,(r1:1,((r2:1,r3:1)0.57:0.0211808220794,(r7:1,r5:1)0.64:0.0294532669135)0.39:0.00562406846895)0.53:0.0189171591322)0.46:0.0178385037022):0); 0.706353207429112 0.6428571428571428
1000 1000.0 98 6.792916666666666 1.248 757 (r4:1,((r7:1,(r2:1,r6:1)0.67:0.0226318004602)0.48:0.0106711200298,(r5:1,(r0:1,(r1:1,r3:1)0.45:0.00923330526019)0.47:0.01086046018)0.49:0.0110498361866):0); 0.6585761351909795 0.5857142857142856 (r7:1,(r5:1,((r6:1,r2:1)0.51:0.0172997537965,((r3:1,r0:1)0.64:0.0277967595465,(r4:1,r1:1)0.37:0.00372113814521)0.46:0.0117736207869)0.37:0.00373339623275):0); 0.7015634747892203 0.6
1000 1000.0 99 6.645766666666668 1.292 752 (r6:1,(r3:1,(r7:1,((r2:1,(r1:1,r5:1)0.49:0.0134770218442)0.42:0.00651468102119,(r0:1,r4:1)0.4:0.00500752173062)0.51:0.0130720815674)0.61:0.0223252870478):0); 0.7749995052735918 0.7 (r0:1,(r1:1,((r2:1,(r4:1,(r3:1,(r6:1,r7:1)0.45:0.0148099230959)0.51:0.0181711705118)0.35:0.00147253744765)0.54:0.0185804947201,r5:1)0.35:0.000708215327052):0); 0.47499638029794433 0.44285714285714284
1000 1000.0 9 6.6446523809523805 1.252 756 (r6:1,((r5:1,r0:1)0.41:0.00681638565465,((r3:1,r7:1)0.56:0.0159439477189,(r4:1,(r1:1,r2:1)0.7:0.0247800289985)0.46:0.00903167203035)0.44:0.00726911334668):0); 0.7501918662361101 0.6857142857142857 (r4:1,(((r1:1,r2:1)0.84:0.0474665372389,(r6:1,(r3:1,r7:1)0.67:0.0300815681702)0.37:0.00349793829663)0.43:0.00904783839777,(r5:1,r0:1)0.42:0.00927959035667):0); 0.7473784775436583 0.6428571428571428
