1000 1000000.0 0 12.119625246296568 2140.254 80 (r5:1,(r4:1,(r6:1,(r7:1,((r1:1,r0:1)0.7:0.0247800289985,(r3:1,r2:1)1:0.221490323245)1:0.0695460428682)0.47:0.00972495665144)1:0.264184101184):0); 0.20088165898146854 0.11428571428571432 (r7:1,(((r4:1,r5:1)1:5.28689434688,((r3:1,r2:1)1:4.59374716632,(r0:1,r1:1)1:0.717927209558)1:0.734578126687)1:0.686178511244,r6:1):0); 0.0 0.0
1000 1000000.0 10 12.118965947399948 2137.586 72 (r0:1,(r1:1,((r3:1,r2:1)1:0.236089122666,((r7:1,r6:1)0.66:0.0217125419306,(r5:1,r4:1)1:0.227586473425)0.9:0.0413333327738)0.54:0.0146548111561):0); 0.0 0.0 (r1:1,(((r3:1,r2:1)1:5.49168875953,((r4:1,r5:1)1:5.81014249065,(r7:1,r6:1)1:0.74045243377)1:0.753896685299)1:0.749130989226,r0:1):0); 0.0 0.0
1000 1000000.0 11 12.12095608647291 2135.539 72 (r0:1,(r1:1,(((r4:1,r5:1)1:0.313999380769,(r6:1,r7:1)0.79:0.0317164729951)0.88:0.0384093540824,(r3:1,r2:1)1:0.292689594182)0.54:0.0144647512867):0); 0.0 0.0 (r6:1,(((r4:1,r5:1)1:4.86915914618,((r1:1,r0:1)1:0.769948394309,(r3:1,r2:1)1:5.32463467487)1:0.762291697625)1:0.692522999777,r7:1):0); 0.0 0.0
1000 1000000.0 12 12.123958008083239 2145.282 77 (r4:1,(((r6:1,r7:1)0.72:0.0257405515966,((r1:1,r0:1)0.75:0.0299778460721,(r2:1,r3:1)1:0.226411247059)0.97:0.0537082697171)1:0.227116217127,r5:1):0); 0.0 0.0 (r0:1,(r1:1,((r2:1,r3:1)1:5.11699531009,((r4:1,r5:1)1:5.40467738254,(r7:1,r6:1)1:0.705713317264)1:0.694021688705)1:0.668113503846):0); 0.0 0.0
1000 1000000.0 13 12.12179022037785 2136.193 74 (r2:1,(r3:1,(r0:1,(r1:1,(r6:1,(r7:1,(r4:1,r5:1)1:0.26223440277)0.4:0.00481928643595)0.98:0.0586286131697)0.41:0.00726911334668)1:0.215431111045):0); 0.3091980720371233 0.22857142857142854 (r3:1,(((r0:1,r1:1)1:0.726024419791,((r5:1,r4:1)1:6.0978245631,(r7:1,r6:1)1:0.700416293907)1:0.679134923273)1:4.91916956676,r2:1):0); 0.0 0.0
1000 1000000.0 15 12.121754120153229 2126.997 82 (r1:1,(r0:1,(((r4:1,r5:1)1:0.279226414014,(r7:1,r6:1)0.44:0.0118076990497)0.97:0.0553896904188,(r2:1,r3:1)1:0.277988943246)0.64:0.0205646558279):0); 0.0 0.0 (r1:1,(((r2:1,r3:1)1:5.32463467487,((r7:1,r6:1)1:0.671040692179,(r5:1,r4:1)1:4.97181330024)1:0.705334026534)1:0.689905686636,r0:1):0); 0.0 0.0
1000 1000000.0 16 12.125394880979158 2130.435 73 (r7:1,(r6:1,((r4:1,r5:1)1:0.260094115933,((r3:1,r2:1)1:0.234193387501,(r1:1,r0:1)0.61:0.0186544355718)0.76:0.0287240483479)0.92:0.0435808541186):0); 0.0 0.0 (r0:1,(((r3:1,r2:1)1:5.58699893933,((r5:1,r4:1)1:5.81014249065,(r7:1,r6:1)1:0.694396712148)1:0.729514824731)1:0.657573700662,r1:1):0); 0.0 0.0
1000 1000000.0 17 12.117687916518586 2135.626 81 (r6:1,(r7:1,((r4:1,r5:1)1:0.224768247041,((r3:1,r2:1)1:0.207793069052,(r1:1,r0:1)0.46:0.00953583135537)0.99:0.0683419488034)0.65:0.0213297668063):0); 0.0 0.0 (r7:1,(((r5:1,r4:1)1:5.25052670271,((r2:1,r3:1)1:5.81014249065,(r1:1,r0:1)1:0.746756631165)1:0.688413149045)1:0.751510998283,r6:1):0); 0.0 0.0
1000 1000000.0 18 12.123962413428487 2136.83 76 (r0:1,(r1:1,(((r5:1,r4:1)1:0.23348341232,(r7:1,r6:1)0.97:0.0551917294165)0.99:0.061745223232,(r2:1,r3:1)1:0.280217494373)0.81:0.0321032453844):0); 0.0 0.0 (r0:1,(((r3:1,r2:1)1:5.81014249065,((r6:1,r7:1)1:0.756288077431,(r4:1,r5:1)1:5.40467738254)1:0.727962029388)1:0.743599564613,r1:1):0); 0.0 0.0
1000 1000000.0 19 12.125544778769225 2133.33 73 (r1:1,((r6:1,(r7:1,(r4:1,r5:1)1:0.30725295837)0.42:0.00651468102119)0.96:0.0519419790707,(r0:1,(r3:1,r2:1)1:0.216174881998)0.56:0.0186544355718):0); 0.3091980720371233 0.22857142857142854 (r0:1,(r1:1,((r2:1,r3:1)1:6.0978245631,((r5:1,r4:1)1:4.67070820746,(r7:1,r6:1)1:0.71332950031)1:0.653244689573)1:0.760286483398):0); 0.0 0.0
1000 1000000.0 1 12.121257873585602 2131.072 72 (r2:1,(r3:1,((r1:1,((r4:1,r5:1)1:0.257667519256,(r6:1,r7:1)0.81:0.0332644609204)0.99:0.068475665458)0.43:0.00689182603792,r0:1)1:0.230035377352):0); 0.20088165898146854 0.11428571428571432 (r7:1,(((r4:1,r5:1)1:5.81014249065,((r0:1,r1:1)1:0.63046790423,(r3:1,r2:1)1:5.25052670271)1:0.738098568422)1:0.749923696362,r6:1):0); 0.0 0.0
1000 1000000.0 20 12.116489305127827 2143.809 70 (r6:1,(((r4:1,r5:1)1:0.243947241445,((r3:1,r2:1)1:0.230412664661,(r1:1,r0:1)0.7:0.0259327668783)0.95:0.0500584506223)0.85:0.0357850633213,r7:1):0); 0.0 0.0 (r0:1,(((r3:1,r2:1)1:5.11699531009,((r6:1,r7:1)1:0.692897461493,(r5:1,r4:1)1:5.25052670271)1:0.714859722491)1:0.717927209558,r1:1):0); 0.0 0.0
1000 1000000.0 21 12.11516449908771 2138.555 70 (r7:1,((r4:1,r5:1)1:0.241797986886,(r6:1,((r1:1,r0:1)0.72:0.0257405515966,(r2:1,r3:1)1:0.237988458469)0.9:0.0415611120892)0.4:0.00481928643595):0); 0.20088165898146854 0.11428571428571432 (r5:1,(((r6:1,r7:1)1:0.728350002235,((r0:1,r1:1)1:0.724863653555,(r2:1,r3:1)1:5.58699893933)1:0.700793723615)1:5.08622365142,r4:1):0); 0.0 0.0
1000 1000000.0 23 12.123870437923475 2139.611 75 (r6:1,(((r5:1,r4:1)1:0.28893160404,((r0:1,r1:1)0.6:0.0215211360539,(r2:1,r3:1)1:0.238463856624)0.94:0.0461276279508)0.71:0.0259327668783,r7:1):0); 0.0 0.0 (r0:1,(((r3:1,r2:1)1:5.58699893933,((r5:1,r4:1)1:5.44723699696,(r7:1,r6:1)1:0.712947310357)1:0.829536943003)1:0.764300940816,r1:1):0); 0.0 0.0
1000 1000000.0 24 12.117590950529607 2141.607 75 (r5:1,(r4:1,((r6:1,r7:1)0.57:0.0159862426414,((r0:1,(r2:1,r3:1)1:0.250230386411)0.46:0.00972495665144,r1:1)0.82:0.0345562838619)1:0.242991446868):0); 0.20088165898146854 0.11428571428571432 (r2:1,(((r0:1,r1:1)1:0.786261969801,((r4:1,r5:1)1:5.58699893933,(r7:1,r6:1)1:0.674344053597)1:0.75788552186)1:5.40467738254,r3:1):0); 0.0 0.0
1000 1000000.0 26 12.118516914804655 2138.393 72 (r3:1,(r2:1,((r1:1,r0:1)0.94:0.0475016589846,((r5:1,r4:1)1:0.241797986886,(r6:1,r7:1)0.58:0.0228617471902)0.88:0.0397728135846)1:0.275271885875):0); 0.0 0.0 (r6:1,(r7:1,(((r3:1,r2:1)1:6.50328967121,(r0:1,r1:1)1:0.687667714795)1:0.735750230748,(r4:1,r5:1)1:5.81014249065)1:0.693646805851):0); 0.0 0.0
1000 1000000.0 28 12.111954761356593 2138.212 73 (r2:1,(((r0:1,r1:1)0.53:0.0161765919329,((r6:1,r7:1)0.51:0.0123764733564,(r5:1,r4:1)1:0.253555770809)0.96:0.0499599915073)1:0.191781748045,r3:1):0); 0.0 0.0 (r0:1,(r1:1,((r3:1,r2:1)1:6.50328967121,((r5:1,r4:1)1:5.25052670271,(r6:1,r7:1)1:0.632581325235)1:0.679504404156)1:0.705713317264):0); 0.0 0.0
1000 1000000.0 29 12.112595297122509 2129.51 77 (r0:1,(r1:1,((r2:1,r3:1)1:0.236563618523,((r5:1,r4:1)1:0.249460859632,(r7:1,r6:1)0.95:0.0486809044042)0.94:0.0469125573475)0.39:0.00444292211084):0); 0.0 0.0 (r7:1,(((r5:1,r4:1)1:5.81014249065,((r3:1,r2:1)1:4.89385175877,(r1:1,r0:1)1:0.74438789733)1:0.761088086647)1:0.723318058193,r6:1):0); 0.0 0.0
1000 1000000.0 2 12.125873185758625 2139.546 72 (r6:1,(r7:1,((r1:1,(r0:1,(r2:1,r3:1)1:0.2184095198)0.52:0.0198001297968)0.79:0.0322322027642,(r5:1,r4:1)1:0.250422860668)0.61:0.0194180858571):0); 0.20088165898146854 0.11428571428571432 (r7:1,(r6:1,((r4:1,r5:1)1:5.25052670271,((r2:1,r3:1)1:5.58699893933,(r0:1,r1:1)1:0.698154702291)1:0.81546721613)1:0.64750167307):0); 0.0 0.0
1000 1000000.0 30 12.117577429275313 2137.648 78 (r6:1,(r7:1,((r4:1,r5:1)1:0.243230309881,((r3:1,r2:1)1:0.256698526932,(r1:1,r0:1)0.9:0.0420168264293)1:0.0709526541722)0.4:0.00519579246449):0); 0.0 0.0 (r0:1,(((r3:1,r2:1)1:5.81014249065,((r5:1,r4:1)1:6.0978245631,(r6:1,r7:1)1:0.694396712148)1:0.695147181227)1:0.627656939624,r1:1):0); 0.0 0.0
1000 1000000.0 31 12.121923257510149 2135.872 74 (r1:1,(((r3:1,r2:1)1:0.257909914118,(r6:1,(r7:1,(r4:1,r5:1)1:0.211720531649)0.48:0.0118076990497)0.98:0.058893478752)0.85:0.0355909451027,r0:1):0); 0.20088165898146854 0.11428571428571432 (r0:1,(((r3:1,r2:1)1:6.0978245631,((r4:1,r5:1)1:5.58699893933,(r7:1,r6:1)1:0.731848548077)1:0.694396712148)1:0.738098568422,r1:1):0); 0.0 0.0
1000 1000000.0 32 12.121587182264918 2144.681 70 (r0:1,(((r2:1,r3:1)1:0.216360911205,((r6:1,r7:1)0.82:0.0330708313332,(r4:1,r5:1)1:0.244903950439)0.93:0.0447554822881)0.89:0.0398702747221,r1:1):0); 0.0 0.0 (r0:1,(((r3:1,r2:1)1:6.0978245631,((r7:1,r6:1)1:0.738098568422,(r5:1,r4:1)1:5.94367388327)1:0.717159455202)1:0.674344053597,r1:1):0); 0.0 0.0
1000 1000000.0 33 12.119893430451095 2140.73 76 (r0:1,(r1:1,((r3:1,r2:1)1:0.233720014711,((r6:1,r7:1)0.56:0.0222869794763,(r5:1,r4:1)1:0.30582773162)0.97:0.054993807595)0.52:0.0129455713515):0); 0.0 0.0 (r0:1,(((r2:1,r3:1)1:5.40467738254,((r4:1,r5:1)1:5.58699893933,(r7:1,r6:1)1:0.763496759028)1:0.746756631165)1:0.682465176119,r1:1):0); 0.0 0.0
1000 1000000.0 34 12.120544941723018 2138.718 76 (r4:1,(((r6:1,r7:1)0.78:0.0299778460721,(r1:1,(r0:1,(r2:1,r3:1)1:0.210980065121)0.42:0.00708045189909)0.93:0.0459968662638)1:0.250422860668,r5:1):0); 0.20088165898146854 0.11428571428571432 (r7:1,(((r4:1,r5:1)1:5.81014249065,((r1:1,r0:1)1:0.663375022226,(r3:1,r2:1)1:5.11699531009)1:0.730292127529)1:0.702683011915,r6:1):0); 0.0 0.0
1000 1000000.0 35 12.120411021065875 2134.22 82 (r1:1,(r0:1,(((r7:1,r6:1)0.36:0.00181233059011,(r5:1,r4:1)1:0.303287725174)0.99:0.0603514947834,(r3:1,r2:1)1:0.264232892383)0.51:0.0121868459737):0); 0.0 0.0 (r3:1,(((r1:1,r0:1)1:0.730292127529,((r6:1,r7:1)1:0.697401973614,(r4:1,r5:1)1:5.81014249065)1:0.777256587616)1:4.71153020198,r2:1):0); 0.0 0.0
1000 1000000.0 36 12.12562192073708 2135.071 84 (r4:1,(((r7:1,r6:1)0.63:0.0219039844506,(r0:1,(r1:1,(r2:1,r3:1)1:0.231545381414)0.39:0.00481928643595)0.91:0.0418214948533)1:0.263745087495,r5:1):0); 0.20088165898146854 0.11428571428571432 (r3:1,(((r0:1,r1:1)1:0.69214867823,((r7:1,r6:1)1:0.690652791639,(r4:1,r5:1)1:4.8450615946)1:0.648217749005)1:5.40467738254,r2:1):0); 0.0 0.0
1000 1000000.0 37 12.126212755014196 2135.859 82 (r7:1,(r6:1,((r4:1,r5:1)1:0.239891408615,((r1:1,r0:1)0.5:0.0119972545426,(r3:1,r2:1)1:0.232064972366)0.94:0.0460295550826)0.51:0.0131353426776):0); 0.0 0.0 (r6:1,(r7:1,(((r0:1,r1:1)1:0.701926868212,(r3:1,r2:1)1:5.58699893933)1:0.707992087715,(r4:1,r5:1)1:4.89385175877)1:0.698154702291):0); 0.0 0.0
1000 1000000.0 38 12.12459633583576 2132.453 77 (r2:1,(r3:1,((r0:1,r1:1)0.48:0.0173194492002,((r4:1,r5:1)1:0.268388869517,(r7:1,r6:1)0.89:0.0406503059629)0.98:0.0574706503929)1:0.260337099776):0); 0.0 0.0 (r0:1,(((r2:1,r3:1)1:5.18153383122,((r4:1,r5:1)1:4.71153020198,(r7:1,r6:1)1:0.693646805851)1:0.788732123383)1:0.71332950031,r1:1):0); 0.0 0.0
1000 1000000.0 39 12.127169264227643 2134.602 67 (r4:1,(r5:1,((r6:1,r7:1)0.6:0.0188452934787,((r0:1,(r2:1,r3:1)1:0.203972844858)0.44:0.0123764733564,r1:1)0.9:0.0414309461274)1:0.198612375696):0); 0.20088165898146854 0.11428571428571432 (r0:1,(((r3:1,r2:1)1:5.81014249065,((r4:1,r5:1)1:5.58699893933,(r6:1,r7:1)1:0.710276062823)1:0.766717373728)1:0.754693180761,r1:1):0); 0.0 0.0
1000 1000000.0 3 12.121850970596139 2141.911 74 (r2:1,(r3:1,((r0:1,r1:1)0.89:0.0410405498703,((r5:1,r4:1)1:0.260337099776,(r6:1,r7:1)0.84:0.0350088164358)0.92:0.0441679957345)1:0.23870164048):0); 0.0 0.0 (r6:1,(((r4:1,r5:1)1:5.28689434688,((r2:1,r3:1)1:5.25052670271,(r1:1,r0:1)1:0.678765578855)1:0.732627667711)1:0.673241720213,r7:1):0); 0.0 0.0
1000 1000000.0 40 12.11953662055683 2133.353 78 (r4:1,(r5:1,(r7:1,(r6:1,((r2:1,r3:1)1:0.210563793521,(r1:1,r0:1)0.48:0.0112392480633)0.93:0.0456046837632)0.71:0.024972059724)1:0.246005298504):0); 0.20088165898146854 0.11428571428571432 (r2:1,(((r1:1,r0:1)1:0.650010185405,((r7:1,r6:1)1:0.679504404156,(r5:1,r4:1)1:4.99921227443)1:0.785850870103)1:4.73258361118,r3:1):0); 0.0 0.0
1000 1000000.0 41 12.126608801205501 2136.024 78 (r2:1,(r3:1,((r0:1,r1:1)0.85:0.0363676441709,((r7:1,r6:1)0.82:0.0348148488278,(r5:1,r4:1)1:0.233720014711)0.94:0.0473052532096)1:0.272316218699):0); 0.0 0.0 (r6:1,(r7:1,(((r0:1,r1:1)1:0.695898213932,(r3:1,r2:1)1:6.50328967121)1:0.731070034998,(r4:1,r5:1)1:4.79854157897)1:0.69214867823):0); 0.0 0.0
1000 1000000.0 42 12.120020286236254 2136.205 68 (r5:1,(r4:1,((r6:1,r7:1)0.5:0.0118076990497,((r0:1,r1:1)0.62:0.0207558786988,(r3:1,r2:1)1:0.239891408615)0.99:0.0665385218042)1:0.214734327833):0); 0.0 0.0 (r5:1,(((r7:1,r6:1)1:0.754294853729,((r2:1,r3:1)1:6.50328967121,(r1:1,r0:1)1:0.678765578855)1:0.726799013168)1:6.01778185543,r4:1):0); 0.0 0.0
1000 1000000.0 43 12.116898171190648 2137.507 78 (r3:1,(r2:1,(((r4:1,r5:1)1:0.204570230166,(r6:1,r7:1)1:0.0699477299594)0.64:0.0204690581031,(r1:1,r0:1)0.95:0.0498615420856)1:0.30582773162):0); 0.0 0.0 (r6:1,(((r5:1,r4:1)1:5.0273831514,((r2:1,r3:1)1:4.71153020198,(r0:1,r1:1)1:0.711038548563)1:0.72641164148)1:0.783797902846,r7:1):0); 0.0 0.0
1000 1000000.0 44 12.124532664084173 2135.727 75 (r2:1,(r3:1,(((r5:1,r4:1)1:0.255488605429,(r7:1,r6:1)0.75:0.0284349335192)0.78:0.0299778460721,(r1:1,r0:1)0.48:0.0102925472447)1:0.273300470747):0); 0.0 0.0 (r7:1,(((r5:1,r4:1)1:4.97181330024,((r0:1,r1:1)1:0.644999437627,(r3:1,r2:1)1:6.01778185543)1:0.723318058193)1:0.782568142494,r6:1):0); 0.0 0.0
1000 1000000.0 45 12.115853911748822 2133.27 74 (r4:1,(r5:1,((r6:1,r7:1)0.89:0.0400652254976,((r2:1,r3:1)1:0.240605949553,(r1:1,r0:1)0.92:0.0437765296891)0.98:0.0595559497931)1:0.271087264384):0); 0.0 0.0 (r6:1,(((r5:1,r4:1)1:5.1487440084,((r0:1,r1:1)1:0.720234015656,(r3:1,r2:1)1:5.11699531009)1:0.759085282052)1:0.665923721949,r7:1):0); 0.0 0.0
1000 1000000.0 46 12.119460097805687 2134.308 75 (r2:1,(((r1:1,r0:1)0.9:0.0414309461274,((r5:1,r4:1)1:0.23585195914,(r6:1,r7:1)0.9:0.0410405498703)0.98:0.056281000208)1:0.280217494373,r3:1):0); 0.0 0.0 (r6:1,(r7:1,(((r3:1,r2:1)1:5.74951786883,(r0:1,r1:1)1:0.713711836388)1:0.731459215777,(r5:1,r4:1)1:5.81014249065)1:0.679504404156):0); 0.0 0.0
1000 1000000.0 47 12.121182969239996 2138.637 71 (r3:1,(r2:1,((r1:1,r0:1)0.63:0.0196090895823,((r4:1,r5:1)1:0.223830600465,(r6:1,r7:1)0.44:0.00915768803455)0.97:0.0550927636091)1:0.258637451436):0); 0.0 0.0 (r5:1,(((r6:1,r7:1)1:0.739667196195,((r3:1,r2:1)1:6.50328967121,(r1:1,r0:1)1:0.773189888233)1:0.74438789733)1:5.1487440084,r4:1):0); 0.0 0.0
1000 1000000.0 48 12.114275128601914 2141.796 73 (r4:1,(r5:1,(((r2:1,r3:1)1:0.257425183134,(r0:1,r1:1)0.8:0.0313298501409)0.94:0.0475016589846,(r7:1,r6:1)0.94:0.0473052532096)1:0.227351317633):0); 0.0 0.0 (r4:1,(((r7:1,r6:1)1:0.698531279211,((r1:1,r0:1)1:0.669941992196,(r3:1,r2:1)1:5.40467738254)1:0.732238032016)1:4.77606872312,r5:1):0); 0.0 0.0
1000 1000000.0 49 12.1238636439331 2129.905 76 (r2:1,(((r1:1,r0:1)0.62:0.0196090895823,((r7:1,r6:1)0.84:0.0355909451027,(r5:1,r4:1)1:0.26643096385)0.98:0.0592577835135)1:0.21380603814,r3:1):0); 0.0 0.0 (r6:1,(r7:1,((r4:1,r5:1)1:6.0978245631,((r3:1,r2:1)1:4.99921227443,(r0:1,r1:1)1:0.773189888233)1:0.700416293907)1:0.761088086647):0); 0.0 0.0
1000 1000000.0 4 12.119069994301324 2141.411 82 (r2:1,(r3:1,((r0:1,r1:1)0.8:0.0315231428834,((r5:1,r4:1)1:0.254280146068,(r7:1,r6:1)0.51:0.0138947883188)0.89:0.0393830639938)1:0.268633877481):0); 0.0 0.0 (r7:1,(r6:1,(((r3:1,r2:1)1:5.0273831514,(r0:1,r1:1)1:0.716775798953)1:0.721389417287,(r4:1,r5:1)1:5.40467738254)1:0.638239048955):0); 0.0 0.0
1000 1000000.0 50 12.13067468675815 2133.311 72 (r5:1,(r4:1,(((r2:1,r3:1)1:0.263257520445,(r0:1,r1:1)0.52:0.0129455713515)0.92:0.0446575438913,(r7:1,r6:1)0.77:0.0292060922233)1:0.280465418014):0); 0.0 0.0 (r6:1,(r7:1,((r4:1,r5:1)1:6.0978245631,((r3:1,r2:1)1:5.11699531009,(r1:1,r0:1)1:0.665559224041)1:0.724090557266)1:0.578365647907):0); 0.0 0.0
1000 1000000.0 51 12.130662426962191 2134.339 71 (r4:1,(r5:1,((r6:1,r7:1)0.64:0.0230534098645,((r2:1,r3:1)1:0.256698526932,(r1:1,r0:1)0.67:0.0226701212435)0.79:0.0309433767062)1:0.269614510068):0); 0.0 0.0 (r5:1,(((r7:1,r6:1)1:0.722546155415,((r3:1,r2:1)1:6.50328967121,(r0:1,r1:1)1:0.73418773043)1:0.720234015656)1:5.58699893933,r4:1):0); 0.0 0.0
1000 1000000.0 52 12.123047695718965 2136.659 76 (r3:1,(((r0:1,r1:1)0.75:0.0274718206642,((r4:1,r5:1)1:0.232301239349,(r7:1,r6:1)0.66:0.0224785320102)0.99:0.0608490319845)1:0.268633877481,r2:1):0); 0.0 0.0 (r6:1,(r7:1,((r5:1,r4:1)1:5.25052670271,((r2:1,r3:1)1:4.99921227443,(r1:1,r0:1)1:0.661921533598)1:0.790382288774)1:0.751510998283):0); 0.0 0.0
1000 1000000.0 53 12.122249418333631 2138.446 78 (r5:1,(r4:1,(((r0:1,r1:1)0.89:0.0396753619449,(r2:1,r3:1)1:0.262770191)0.95:0.049566251961,(r6:1,r7:1)0.93:0.0457353941745)1:0.242036564962):0); 0.0 0.0 (r6:1,(r7:1,(((r3:1,r2:1)1:5.53820877516,(r1:1,r0:1)1:0.694021688705)1:0.757485921455,(r4:1,r5:1)1:4.59374716632)1:0.675079618176):0); 0.0 0.0
1000 1000000.0 54 12.123510414388194 2136.989 77 (r2:1,(r3:1,(r1:1,(((r7:1,r6:1)0.72:0.028242236727,(r5:1,r4:1)1:0.248019591066)0.94:0.0470434388345,r0:1)0.42:0.00689182603792)1:0.243325871064):0); 0.20088165898146854 0.11428571428571432 (r4:1,(((r6:1,r7:1)1:0.646428519685,((r2:1,r3:1)1:5.58699893933,(r1:1,r0:1)1:0.70117129583)1:0.789144409515)1:5.74951786883,r5:1):0); 0.0 0.0
1000 1000000.0 55 12.112512519367876 2140.319 74 (r6:1,(r7:1,((r4:1,r5:1)1:0.274285692501,((r0:1,r1:1)0.86:0.0367562200452,(r2:1,r3:1)1:0.247539629454)0.78:0.0301708776334)0.8:0.0321032453844):0); 0.0 0.0 (r0:1,(((r3:1,r2:1)1:5.40467738254,((r4:1,r5:1)1:5.25052670271,(r7:1,r6:1)1:0.729514824731)1:0.775627922761)1:0.683948855917,r1:1):0); 0.0 0.0
1000 1000000.0 56 12.117922634735017 2140.849 78 (r4:1,(((r6:1,r7:1)0.45:0.0112392480633,((r2:1,r3:1)1:0.222425777008,(r0:1,r1:1)0.56:0.0157959295758)0.99:0.0651381014493)1:0.259122770543,r5:1):0); 0.0 0.0 (r0:1,(r1:1,((r2:1,r3:1)1:5.58699893933,((r5:1,r4:1)1:4.42384812953,(r7:1,r6:1)1:0.6615584913)1:0.729903400605)1:0.755490311134):0); 0.0 0.0
1000 1000000.0 57 12.125883976098896 2137.914 79 (r2:1,(r3:1,((r1:1,r0:1)0.42:0.00877968765205,((r6:1,r7:1)0.74:0.0276643690426,(r5:1,r4:1)1:0.243230309881)0.79:0.0305570525754)1:0.224064929699):0); 0.0 0.0 (r0:1,(((r3:1,r2:1)1:5.25052670271,((r4:1,r5:1)1:5.40467738254,(r7:1,r6:1)1:0.746756631165)1:0.754693180761)1:0.778071915831,r1:1):0); 0.0 0.0
1000 1000000.0 58 12.12197910940493 2135.773 74 (r2:1,(r3:1,(((r7:1,r6:1)0.49:0.0137048728306,(r4:1,r5:1)1:0.26643096385)0.91:0.0428962909898,(r1:1,r0:1)0.88:0.0400652254976)1:0.251626664834):0); 0.0 0.0 (r6:1,(((r4:1,r5:1)1:5.58699893933,((r0:1,r1:1)1:0.721774848011,(r3:1,r2:1)1:5.11699531009)1:0.695898213932)1:0.764300940816,r7:1):0); 0.0 0.0
1000 1000000.0 59 12.117230076887434 2134.848 77 (r1:1,((r0:1,(r3:1,r2:1)1:0.25757057776)0.66:0.0226701212435,((r5:1,r4:1)1:0.298226985628,(r7:1,r6:1)0.57:0.0163669774642)0.94:0.0459968662638):0); 0.20088165898146854 0.11428571428571432 (r6:1,(((r5:1,r4:1)1:5.58699893933,((r1:1,r0:1)1:0.751113936534,(r2:1,r3:1)1:4.61243929933)1:0.676920900228)1:0.704197016747,r7:1):0); 0.0 0.0
1000 1000000.0 5 12.12324979808961 2136.871 80 (r0:1,(r1:1,((r3:1,r2:1)1:0.259608325299,((r5:1,r4:1)1:0.203192186769,(r6:1,r7:1)0.96:0.0504523840526)0.98:0.0584631077987)0.72:0.0257405515966):0); 0.0 0.0 (r3:1,(((r0:1,r1:1)1:0.678396370802,((r4:1,r5:1)1:4.99921227443,(r6:1,r7:1)1:0.704197016747)1:0.743205631182)1:4.91916956676,r2:1):0); 0.0 0.0
1000 1000000.0 60 12.120746766871223 2140.528 76 (r3:1,(r2:1,(r1:1,(r0:1,((r4:1,r5:1)1:0.300754154019,(r6:1,r7:1)0.69:0.023436845452)0.97:0.0528192490629)0.48:0.0175100524601)1:0.270056108662):0); 0.20088165898146854 0.11428571428571432 (r0:1,(((r3:1,r2:1)1:4.7540898164,((r7:1,r6:1)1:0.686922835804,(r5:1,r4:1)1:5.25052670271)1:0.705713317264)1:0.766717373728,r1:1):0); 0.0 0.0
1000 1000000.0 61 12.119436902680265 2137.063 76 (r6:1,(((r4:1,r5:1)1:0.249701273144,((r1:1,r0:1)0.7:0.0243960781395,(r2:1,r3:1)1:0.286184692586)0.87:0.0375338250611)0.78:0.0301708776334,r7:1):0); 0.0 0.0 (r1:1,(((r3:1,r2:1)1:5.25052670271,((r5:1,r4:1)1:5.63829223372,(r6:1,r7:1)1:0.752703130353)1:0.730681005621)1:0.705713317264,r0:1):0); 0.0 0.0
1000 1000000.0 62 12.122778586575675 2133.476 75 (r4:1,(r5:1,(r6:1,(((r1:1,r0:1)0.58:0.0175100524601,(r2:1,r3:1)1:0.263501274255)0.76:0.0299135104977,r7:1)0.66:0.0222869794763)1:0.207654734142):0); 0.20088165898146854 0.11428571428571432 (r0:1,(r1:1,(((r6:1,r7:1)1:0.658297027999,(r4:1,r5:1)1:5.11699531009)1:0.748338909976,(r3:1,r2:1)1:5.18153383122)1:0.648217749005):0); 0.0 0.0
1000 1000000.0 63 12.119956133477663 2138.77 77 (r5:1,(((r7:1,r6:1)0.94:0.0498615420856,(r0:1,(r1:1,(r2:1,r3:1)1:0.203972844858)0.45:0.0112392480633)0.88:0.0389610066202)1:0.257909914118,r4:1):0); 0.20088165898146854 0.11428571428571432 (r2:1,(((r1:1,r0:1)1:0.658658887963,((r4:1,r5:1)1:5.32463467487,(r7:1,r6:1)1:0.674344053597)1:0.710276062823)1:5.63829223372,r3:1):0); 0.0 0.0
1000 1000000.0 64 12.116442638314517 2137.519 72 (r6:1,(r7:1,(((r0:1,r1:1)0.54:0.0148449071551,(r3:1,r2:1)1:0.250182273634)0.96:0.0499599915073,(r5:1,r4:1)1:0.269859818544)0.54:0.0144647512867):0); 0.0 0.0 (r1:1,(r0:1,(((r4:1,r5:1)1:4.89385175877,(r6:1,r7:1)1:0.755490311134)1:0.737315176294,(r2:1,r3:1)1:5.25052670271)1:0.718695553814):0); 0.0 0.0
1000 1000000.0 65 12.113781597258576 2131.905 72 (r2:1,(r3:1,((r0:1,r1:1)0.6:0.0259327668783,((r7:1,r6:1)0.94:0.0467162672301,(r5:1,r4:1)1:0.256940687001)0.85:0.0356879995018)1:0.25645642549):0); 0.0 0.0 (r2:1,(((r1:1,r0:1)1:0.683948855917,((r4:1,r5:1)1:4.73258361118,(r6:1,r7:1)1:0.753100823737)1:0.741631447465)1:6.50328967121,r3:1):0); 0.0 0.0
1000 1000000.0 66 12.119398186529295 2140.751 72 (r1:1,(r0:1,(((r4:1,r5:1)1:0.247059898094,(r6:1,r7:1)0.89:0.0402602142864)0.89:0.0399677453591,(r2:1,r3:1)1:0.224768247041)0.61:0.0219039844506):0); 0.0 0.0 (r4:1,(((r7:1,r6:1)1:0.694396712148,((r1:1,r0:1)1:0.645356516724,(r2:1,r3:1)1:5.40467738254)1:0.741238288427)1:5.58699893933,r5:1):0); 0.0 0.0
1000 1000000.0 67 12.120406963094059 2132.391 81 (r7:1,(r6:1,((r4:1,r5:1)1:0.280217494373,((r2:1,r3:1)1:0.250904208451,(r1:1,r0:1)0.66:0.0224785320102)0.99:0.061844849633)0.59:0.0224785320102):0); 0.0 0.0 (r4:1,(((r6:1,r7:1)1:0.65793529893,((r3:1,r2:1)1:4.99921227443,(r0:1,r1:1)1:0.786261969801)1:0.730681005621)1:5.1487440084,r5:1):0); 0.0 0.0
1000 1000000.0 68 12.123844602960558 2139.1 70 (r7:1,((r6:1,(r4:1,r5:1)1:0.226270312663)0.72:0.0257405515966,((r2:1,r3:1)1:0.229234114141,(r1:1,r0:1)0.5:0.0114286958236)0.91:0.0428637044318):0); 0.20088165898146854 0.11428571428571432 (r6:1,(((r4:1,r5:1)1:5.81014249065,((r3:1,r2:1)1:5.11699531009,(r1:1,r0:1)1:0.705713317264)1:0.76189033298)1:0.717159455202,r7:1):0); 0.0 0.0
1000 1000000.0 69 12.115803128098385 2134.195 77 (r3:1,(r2:1,((r0:1,r1:1)0.51:0.0177006920565,((r4:1,r5:1)1:0.231828761192,(r6:1,r7:1)0.83:0.0336518326083)0.93:0.0454413197715)1:0.252590752641):0); 0.0 0.0 (r0:1,(((r3:1,r2:1)1:5.58699893933,((r5:1,r4:1)1:5.28689434688,(r7:1,r6:1)1:0.732238032016)1:0.776034840366)1:0.745966429623,r1:1):0); 0.0 0.0
1000 1000000.0 6 12.129982249930421 2133.895 79 (r1:1,(r0:1,(((r4:1,r5:1)1:0.220789306742,(r7:1,r6:1)0.53:0.0163669774642)1:0.0700481769485,(r3:1,r2:1)1:0.186350641687)0.43:0.00745781039413):0); 0.0 0.0 (r4:1,(((r7:1,r6:1)1:0.629764421964,((r2:1,r3:1)1:4.97181330024,(r1:1,r0:1)1:0.636467569306)1:0.770353006898)1:5.58699893933,r5:1):0); 0.0 0.0
1000 1000000.0 70 12.116366305610292 2144.687 74 (r0:1,(((r2:1,r3:1)1:0.216593496391,((r5:1,r4:1)1:0.249220503904,(r6:1,r7:1)0.63:0.0205646558279)0.99:0.0627419341687)0.66:0.0228617471902,r1:1):0); 0.0 0.0 (r2:1,(((r1:1,r0:1)1:0.787496283885,((r6:1,r7:1)1:0.779704569255,(r4:1,r5:1)1:5.81014249065)1:0.736532397389)1:5.2154353829,r3:1):0); 0.0 0.0
1000 1000000.0 71 12.124017550856506 2133.73 71 (r0:1,(((r2:1,r3:1)1:0.275518586259,((r4:1,r5:1)1:0.231828761192,(r7:1,r6:1)0.73:0.0261250191138)0.9:0.0427985345012)0.96:0.0512407167698,r1:1):0); 0.0 0.0 (r2:1,(((r1:1,r0:1)1:0.674344053597,((r7:1,r6:1)1:0.749923696362,(r4:1,r5:1)1:6.50328967121)1:0.724090557266)1:5.69235945499,r3:1):0); 0.0 0.0
1000 1000000.0 72 12.120746522300351 2134.74 74 (r2:1,(((r1:1,r0:1)0.93:0.0457353941745,((r4:1,r5:1)1:0.254038629341,(r6:1,r7:1)0.89:0.0426030501882)0.62:0.0198001297968)1:0.230176843412,r3:1):0); 0.0 0.0 (r0:1,(r1:1,(((r5:1,r4:1)1:5.69235945499,(r7:1,r6:1)1:0.705713317264)1:0.760687204701,(r2:1,r3:1)1:5.1487440084)1:0.681353859094):0); 0.0 0.0
1000 1000000.0 73 12.125326904338625 2134.79 78 (r2:1,(r3:1,((r1:1,r0:1)1:0.0737718263978,((r6:1,r7:1)0.88:0.0385066824196,(r4:1,r5:1)1:0.236800950908)0.93:0.0450493550433)1:0.276012169684):0); 0.0 0.0 (r4:1,(((r6:1,r7:1)1:0.669941992196,((r3:1,r2:1)1:4.99921227443,(r0:1,r1:1)1:0.648934338071)1:0.738882574734)1:5.49168875953,r5:1):0); 0.0 0.0
1000 1000000.0 74 12.120489282415626 2137.978 74 (r2:1,(r3:1,(((r7:1,r6:1)0.45:0.0135149934035,(r5:1,r4:1)1:0.268388869517)0.78:0.0302674073887,(r0:1,r1:1)0.88:0.0383120352171)1:0.223830600465):0); 0.0 0.0 (r4:1,(((r7:1,r6:1)1:0.769139659934,((r0:1,r1:1)1:0.749130989226,(r3:1,r2:1)1:4.89385175877)1:0.729514824731)1:5.81014249065,r5:1):0); 0.0 0.0
1000 1000000.0 75 12.116308738805317 2136.754 77 (r0:1,(r1:1,((r2:1,r3:1)1:0.201357744613,((r7:1,r6:1)0.75:0.0280495770597,(r5:1,r4:1)1:0.254521721138)0.89:0.0424076040818)0.79:0.0305570525754):0); 0.0 0.0 (r6:1,(((r4:1,r5:1)1:5.58699893933,((r1:1,r0:1)1:0.734968675413,(r3:1,r2:1)1:4.63148749431)1:0.78052189664)1:0.71639228984,r7:1):0); 0.0 0.0
1000 1000000.0 76 12.125462424481848 2135.807 77 (r1:1,((r7:1,(r6:1,(r4:1,r5:1)1:0.245239014942)0.69:0.0257405515966)0.99:0.0655380214707,((r3:1,r2:1)1:0.246388660595,r0:1)0.38:0.00369061814457):0); 0.3091980720371233 0.22857142857142854 (r2:1,(((r0:1,r1:1)1:0.656850896149,((r6:1,r7:1)1:0.714859722491,(r4:1,r5:1)1:5.58699893933)1:0.876568242687)1:5.05637068827,r3:1):0); 0.0 0.0
1000 1000000.0 77 12.127942188495863 2133.679 79 (r7:1,(((r5:1,r4:1)1:0.256214382647,(r1:1,(r0:1,(r3:1,r2:1)1:0.269271179265)0.63:0.0199912065147)0.98:0.0558517518812)0.93:0.0453433141851,r6:1):0); 0.20088165898146854 0.11428571428571432 (r6:1,(r7:1,((r4:1,r5:1)1:5.58699893933,((r3:1,r2:1)1:5.1487440084,(r1:1,r0:1)1:0.743205631182)1:0.760687204701)1:0.757086480667):0); 0.0 0.0
1000 1000000.0 78 12.117653040706129 2140.972 80 (r4:1,(r5:1,((r6:1,r7:1)1:0.0721598977795,((r2:1,r3:1)1:0.265697736394,(r0:1,r1:1)0.67:0.0263173083174)0.96:0.0511421411869)1:0.226646181865):0); 0.0 0.0 (r4:1,(r5:1,((r7:1,r6:1)1:0.734578126687,((r0:1,r1:1)1:0.753498675343,(r2:1,r3:1)1:5.08622365142)1:0.695147181227)1:4.91916956676):0); 0.0 0.0
1000 1000000.0 79 12.124104643013023 2138.091 77 (r6:1,(r7:1,((r4:1,r5:1)1:0.224299313856,((r2:1,r3:1)1:0.236563618523,(r0:1,r1:1)0.84:0.0348148488278)0.97:0.054004785657)0.47:0.0127558360317):0); 0.0 0.0 (r6:1,(((r5:1,r4:1)1:5.11699531009,((r3:1,r2:1)1:4.99921227443,(r1:1,r0:1)1:0.781339892595)1:0.72641164148)1:0.724090557266,r7:1):0); 0.0 0.0
1000 1000000.0 7 12.122219649637909 2134.761 71 (r2:1,(r3:1,(r0:1,(r1:1,((r4:1,r5:1)1:0.266920081003,(r7:1,r6:1)0.46:0.00896866998276)0.98:0.0591584145066)0.55:0.0203734695163)1:0.251000505817):0); 0.20088165898146854 0.11428571428571432 (r7:1,(r6:1,((r5:1,r4:1)1:5.81014249065,((r3:1,r2:1)1:5.81014249065,(r0:1,r1:1)1:0.656850896149)1:0.775627922761)1:0.706472330584):0); 0.0 0.0
1000 1000000.0 80 12.12521258342766 2141.419 70 (r2:1,(r3:1,(((r4:1,r5:1)1:0.233246865897,(r7:1,r6:1)0.72:0.027856954503)0.91:0.0425053223601,(r1:1,r0:1)0.9:0.0414309461274)1:0.232537562167):0); 0.0 0.0 (r5:1,(((r7:1,r6:1)1:0.707231920442,((r0:1,r1:1)1:0.829107666327,(r3:1,r2:1)1:5.81014249065)1:0.667018013505)1:6.50328967121,r4:1):0); 0.0 0.0
1000 1000000.0 81 12.11473859490878 2133.859 69 (r1:1,(r0:1,((r2:1,r3:1)1:0.265697736394,(r7:1,((r4:1,r5:1)1:0.229658232335,r6:1)0.88:0.0402602142864)0.95:0.0499271739565)0.43:0.00670323574976):0); 0.20088165898146854 0.11428571428571432 (r0:1,(((r3:1,r2:1)1:5.40467738254,((r5:1,r4:1)1:5.63829223372,(r7:1,r6:1)1:0.648575979351)1:0.721774848011)1:0.670308091413,r1:1):0); 0.0 0.0
1000 1000000.0 82 12.120710465550914 2140.276 81 (r7:1,(r6:1,((r5:1,r4:1)1:0.192689807131,((r1:1,r0:1)0.84:0.0350088164358,(r3:1,r2:1)1:0.222893832247)1:0.0728647968571)0.54:0.0142747275331):0); 0.0 0.0 (r7:1,(((r5:1,r4:1)1:4.99921227443,((r0:1,r1:1)1:0.606822852721,(r2:1,r3:1)1:5.05637068827)1:0.812930216883)1:0.641791450559,r6:1):0); 0.0 0.0
1000 1000000.0 83 12.129204719355009 2133.426 74 (r2:1,(r3:1,((r0:1,r1:1)0.47:0.0148449071551,((r4:1,r5:1)1:0.26228309893,(r6:1,r7:1)0.77:0.0295918946972)0.9:0.0418214948533)1:0.24442548153):0); 0.0 0.0 (r0:1,(((r3:1,r2:1)1:5.25052670271,((r7:1,r6:1)1:0.730292127529,(r5:1,r4:1)1:5.25052670271)1:0.698907997995)1:0.71639228984,r1:1):0); 0.0 0.0
1000 1000000.0 84 12.125442764466099 2139.054 72 (r6:1,(r7:1,((r5:1,r4:1)1:0.254280146068,((r1:1,r0:1)0.98:0.0643387408952,(r3:1,r2:1)1:0.261309625989)0.73:0.028242236727)0.96:0.0518323744145):0); 0.0 0.0 (r7:1,(r6:1,(((r3:1,r2:1)1:5.81014249065,(r0:1,r1:1)1:0.792862653832)1:0.753100823737,(r5:1,r4:1)1:4.71153020198)1:0.633286792636):0); 0.0 0.0
1000 1000000.0 85 12.121245133037668 2135.675 71 (r0:1,(r1:1,((r2:1,r3:1)1:0.205030000289,((r5:1,r4:1)1:0.266920081003,(r6:1,r7:1)0.54:0.0159862426414)1:0.0698472930588)0.5:0.0125661367045):0); 0.0 0.0 (r3:1,(((r1:1,r0:1)1:0.663375022226,((r7:1,r6:1)1:0.756288077431,(r5:1,r4:1)1:4.89385175877)1:0.72641164148)1:6.28014611989,r2:1):0); 0.0 0.0
1000 1000000.0 86 12.123326397337172 2136.394 78 (r1:1,(((r3:1,r2:1)1:0.242991446868,((r5:1,r4:1)1:0.214966534963,(r7:1,r6:1)0.89:0.0398702747221)0.96:0.0523256899985)0.75:0.0280495770597,r0:1):0); 0.0 0.0 (r7:1,(((r4:1,r5:1)1:4.91916956676,((r2:1,r3:1)1:5.18153383122,(r1:1,r0:1)1:0.676552372492)1:0.735750230748)1:0.685806556618,r6:1):0); 0.0 0.0
1000 1000000.0 87 12.124350525661587 2131.708 72 (r5:1,(r4:1,((r7:1,((r3:1,r2:1)1:0.229469713153,(r0:1,r1:1)0.96:0.0500584506223)0.99:0.0631408968709)0.57:0.0161765919329,r6:1)1:0.237988458469):0); 0.20088165898146854 0.11428571428571432 (r3:1,(r2:1,((r0:1,r1:1)1:0.726024419791,((r5:1,r4:1)1:5.25052670271,(r6:1,r7:1)1:0.722546155415)1:0.720619001224)1:4.97181330024):0); 0.0 0.0
1000 1000000.0 88 12.121805238684209 2134.192 71 (r4:1,(((r7:1,r6:1)0.87:0.037339367112,((r1:1,r0:1)0.58:0.016557399249,(r2:1,r3:1)1:0.233956673096)0.91:0.0418214948533)1:0.263988960194,r5:1):0); 0.0 0.0 (r0:1,(r1:1,((r3:1,r2:1)1:6.0978245631,((r7:1,r6:1)1:0.743599564613,(r4:1,r5:1)1:6.0978245631)1:0.707992087715)1:0.737315176294):0); 0.0 0.0
1000 1000000.0 89 12.116604156775146 2134.588 65 (r7:1,(r6:1,((r4:1,r5:1)1:0.269859818544,((r3:1,r2:1)1:0.252831919891,(r1:1,r0:1)0.6:0.0190361878192)0.95:0.0480911078669)0.69:0.0240122746422):0); 0.0 0.0 (r0:1,(r1:1,(((r4:1,r5:1)1:5.81014249065,(r6:1,r7:1)1:0.706472330584)1:0.856959771299,(r2:1,r3:1)1:6.50328967121)1:0.693646805851):0); 0.0 0.0
1000 1000000.0 8 12.118947362753802 2133.489 67 (r4:1,(r5:1,(((r1:1,r0:1)0.9:0.0410405498703,(r3:1,r2:1)1:0.224533752961)0.85:0.0357850633213,(r7:1,r6:1)0.54:0.0154154120674)1:0.248019591066):0); 0.0 0.0 (r7:1,(r6:1,((r4:1,r5:1)1:5.81014249065,((r3:1,r2:1)1:6.50328967121,(r1:1,r0:1)1:0.680983694367)1:0.720234015656)1:0.743599564613):0); 0.0 0.0
1000 1000000.0 90 12.129373283492422 2130.476 71 (r6:1,(r7:1,((r4:1,r5:1)1:0.249701273144,((r3:1,r2:1)1:0.221490323245,(r1:1,r0:1)0.65:0.0213297668063)0.99:0.0621437884026)0.82:0.0328772392311):0); 0.0 0.0 (r1:1,(r0:1,(((r6:1,r7:1)1:0.753100823737,(r5:1,r4:1)1:4.99921227443)1:0.784618584057,(r3:1,r2:1)1:5.40467738254)1:0.829966404036):0); 0.0 0.0
1000 1000000.0 91 12.114996182391831 2131.639 72 (r2:1,(r3:1,(((r4:1,r5:1)1:0.246340732295,(r7:1,r6:1)0.48:0.0112392480633)0.96:0.0524243823253,(r0:1,r1:1)0.76:0.0330708313332)1:0.232064972366):0); 0.0 0.0 (r3:1,(((r1:1,r0:1)1:0.730292127529,((r7:1,r6:1)1:0.732627667711,(r4:1,r5:1)1:6.50328967121)1:0.74045243377)1:5.49168875953,r2:1):0); 0.0 0.0
1000 1000000.0 92 12.129912800846698 2134.875 72 (r5:1,(r4:1,(r7:1,(r6:1,((r2:1,r3:1)1:0.292438621663,(r1:1,r0:1)0.93:0.0457353941745)0.99:0.0631408968709)0.38:0.0035026305512)1:0.253314428948):0); 0.20088165898146854 0.11428571428571432 (r7:1,(((r5:1,r4:1)1:6.0978245631,((r1:1,r0:1)1:0.698907997995,(r3:1,r2:1)1:5.11699531009)1:0.724090557266)1:0.749923696362,r6:1):0); 0.0 0.0
1000 1000000.0 93 12.117393020055797 2140.687 70 (r6:1,(r7:1,((r5:1,r4:1)1:0.21892232837,((r1:1,r0:1)0.68:0.023436845452,(r2:1,r3:1)1:0.269614510068)0.99:0.061844849633)0.87:0.0379228544377):0); 0.0 0.0 (r0:1,(r1:1,(((r6:1,r7:1)1:0.759485522201,(r5:1,r4:1)1:6.0978245631)1:0.759485522201,(r2:1,r3:1)1:5.25052670271)1:0.768331579082):0); 0.0 0.0
1000 1000000.0 94 12.124104764488083 2133.923 80 (r6:1,(r7:1,((r4:1,r5:1)1:0.250182273634,((r0:1,r1:1)0.93:0.0457353941745,(r3:1,r2:1)1:0.24442548153)0.91:0.0421145065271)0.5:0.0144647512867):0); 0.0 0.0 (r2:1,(((r1:1,r0:1)1:0.709514158024,((r5:1,r4:1)1:6.50328967121,(r6:1,r7:1)1:0.718695553814)1:0.769139659934)1:5.11699531009,r3:1):0); 0.0 0.0
1000 1000000.0 95 12.126227445006258 2132.618 74 (r3:1,(r2:1,((r1:1,r0:1)0.6:0.0217125419306,((r6:1,r7:1)0.68:0.0236286183934,(r4:1,r5:1)1:0.203421728834)1:0.0703495784679)1:0.218456127895):0); 0.0 0.0 (r2:1,(((r0:1,r1:1)1:0.71600892775,((r6:1,r7:1)1:0.686922835804,(r5:1,r4:1)1:5.69235945499)1:0.763094910519)1:5.36385538802,r3:1):0); 0.0 0.0
1000 1000000.0 96 12.126865246476173 2140.992 73 (r6:1,(r7:1,((r4:1,r5:1)1:0.2703506161,((r0:1,r1:1)0.8:0.0326836845997,(r3:1,r2:1)1:0.27207030698)0.62:0.019895663592)0.82:0.0336518326083):0); 0.0 0.0 (r6:1,(((r4:1,r5:1)1:5.05637068827,((r1:1,r0:1)1:0.77644192362,(r2:1,r3:1)1:5.58699893933)1:0.781339892595)1:0.650369058547,r7:1):0); 0.0 0.0
1000 1000000.0 97 12.124107803432985 2135.772 75 (r6:1,((r7:1,((r1:1,r0:1)0.97:0.0536094506054,(r2:1,r3:1)1:0.232773940847)0.97:0.0524243823253)0.53:0.0140847398817,(r5:1,r4:1)1:0.263403765601):0); 0.20088165898146854 0.11428571428571432 (r0:1,(((r2:1,r3:1)1:4.79854157897,((r6:1,r7:1)1:0.697401973614,(r5:1,r4:1)1:5.81014249065)1:0.678765578855)1:0.689159139382,r1:1):0); 0.0 0.0
1000 1000000.0 98 12.118348298184104 2133.974 78 (r0:1,(r1:1,((r2:1,r3:1)1:0.217291576698,((r6:1,r7:1)0.75:0.0309433767062,(r5:1,r4:1)1:0.253314428948)0.99:0.0623431305741)0.59:0.0184636140847):0); 0.0 0.0 (r0:1,(r1:1,((r2:1,r3:1)1:6.50328967121,((r4:1,r5:1)1:5.40467738254,(r6:1,r7:1)1:0.710276062823)1:0.704197016747)1:0.696649811111):0); 0.0 0.0
1000 1000000.0 9 12.12350671207071 2137.887 74 (r0:1,(((r2:1,r3:1)1:0.276259052786,((r4:1,r5:1)1:0.23870164048,(r7:1,r6:1)0.67:0.0232451092804)0.74:0.0273755603763)0.86:0.0392856503266,r1:1):0); 0.0 0.0 (r0:1,(((r3:1,r2:1)1:5.18153383122,((r6:1,r7:1)1:0.658297027999,(r5:1,r4:1)1:5.40467738254)1:0.717927209558)1:0.673609029675,r1:1):0); 0.0 0.0
