1000 1000.0 0 6.60215 1.264 778 (r1:1,(r5:1,((r4:1,(r2:1,r6:1)0.6:0.0186544355718)0.41:0.00576081743479,(r3:1,(r0:1,r7:1)0.39:0.00380342766582)0.64:0.0212022076506)0.58:0.0178066186495):0); 0.9082254594504292 0.8571428571428572 (r1:1,(r4:1,(r5:1,((r6:1,r2:1)0.45:0.0107387478077,(r3:1,(r7:1,r0:1)0.47:0.012334958158)0.39:0.00488787632146)0.49:0.0157278110635)0.48:0.0147743625403):0); 0.8656924005197847 0.8285714285714285
1000 1000.0 10 6.87875 1.252 771 (r0:1,(((r3:1,(r5:1,r2:1)0.41:0.00530877192118)0.62:0.0191634709608,(r7:1,(r6:1,r4:1)0.49:0.0156056527224)0.44:0.00789824202424)0.64:0.0203522288489,r1:1):0); 0.5977850504066947 0.5142857142857142 (r6:1,(((r5:1,r2:1)0.62:0.0289331463406,(r7:1,(r3:1,r4:1)0.68:0.0362903793456)0.36:0.00188310333042)0.43:0.00909293989717,(r0:1,r1:1)0.47:0.0136056520558):0); 0.654128623202306 0.6428571428571428
1000 1000.0 11 6.690733333333333 1.278 755 (r0:1,(r5:1,(((r6:1,r4:1)0.4:0.00481928643595,(r2:1,r7:1)0.71:0.0255483732545)0.53:0.0156056527224,(r1:1,r3:1)0.4:0.00519579246449)0.42:0.00632616183881):0); 0.7800365553396398 0.7 (r0:1,(r5:1,(r3:1,((r2:1,r7:1)0.58:0.0220944312968,((r6:1,r4:1)0.49:0.014846508117,r1:1)0.38:0.00432901108959)0.5:0.0156711588391)0.45:0.0147777063006):0); 0.8518818866548178 0.8142857142857143
1000 1000.0 12 6.4474 1.273 780 (r4:1,(r1:1,(r0:1,(r7:1,(r2:1,(r6:1,(r3:1,r5:1)0.56:0.01926530914)0.42:0.00689182603792)0.5:0.0120604476925)0.36:0.00143709606413)0.72:0.0275488355666):0); 0.7480930374767745 0.6428571428571428 (r2:1,(r4:1,((r0:1,(r1:1,r7:1)0.42:0.00849298804644)0.46:0.0118293358638,(r5:1,(r3:1,r6:1)0.49:0.0171032933057)0.44:0.00947874395454)0.36:0.00284495213223):0); 0.7537329758082695 0.7
1000 1000.0 13 6.61022380952381 1.238 740 (r4:1,((r7:1,r3:1)0.48:0.0104439591611,((r5:1,(r2:1,r1:1)0.48:0.0122626926118)0.4:0.00576081743479,(r6:1,r0:1)0.56:0.0183152225428)0.77:0.0290132467883):0); 0.7742717843938842 0.7285714285714286 (r3:1,(r7:1,(((r0:1,r6:1)0.59:0.0263250065764,(r1:1,(r5:1,r2:1)0.56:0.0214370481306)0.4:0.00575950267061)0.48:0.0133432001417,r4:1)0.72:0.0366049202427):0); 0.8444258710544623 0.7714285714285715
1000 1000.0 14 6.548916666666666 1.248 768 (r3:1,(r4:1,((r7:1,r1:1)0.47:0.00972495665144,(r0:1,(r6:1,(r2:1,r5:1)0.67:0.0229384078518)0.4:0.00538409865091)0.68:0.0238843728705)0.58:0.017128882263):0); 0.8699015270004984 0.7714285714285715 (r0:1,((r6:1,(r2:1,r5:1)0.58:0.0220945337062)0.41:0.00683262785044,((r4:1,r3:1)0.4:0.0058651194524,(r7:1,r1:1)0.5:0.0171038652305)0.64:0.0272100413836):0); 0.8699015270004984 0.7714285714285715
1000 1000.0 15 6.880109523809524 1.253 764 (r1:1,(r5:1,(r4:1,(r3:1,((r6:1,r7:1)0.47:0.00953583135537,(r0:1,r2:1)0.53:0.0140847398817)0.45:0.00827590930386)0.46:0.00877968765205)0.64:0.0204881769169):0); 0.6749783740950458 0.6285714285714286 (r0:1,((r6:1,(r3:1,(r4:1,(r1:1,r5:1)0.42:0.00851068966791)0.51:0.0161051962158)0.47:0.0132215256681)0.38:0.00418548909292,(r7:1,r2:1)0.37:0.00412797283803):0); 0.85496625114824 0.7857142857142857
1000 1000.0 16 6.790150000000001 1.273 747 (r4:1,(((r7:1,r6:1)0.63:0.0212022076506,(r5:1,(r2:1,r0:1)0.45:0.00862852749757)0.42:0.00664038022317)0.4:0.00588642190648,(r3:1,r1:1)0.41:0.00711818134126):0); 0.5598946183839538 0.5285714285714286 (r3:1,((r1:1,r0:1)0.49:0.0162308660245,((r5:1,(r4:1,(r7:1,r6:1)0.61:0.0277288834661)0.38:0.00508389503727)0.36:0.00208799479289,r2:1)0.38:0.00405132221918):0); 0.26783813980587473 0.22857142857142854
1000 1000.0 17 6.8016571428571435 1.243 764 (r0:1,(r6:1,((r2:1,(r3:1,(r1:1,r5:1)0.51:0.0122626926118)0.4:0.00519579246449)0.52:0.0150984247126,(r4:1,r7:1)0.35:0.00124953158829)0.44:0.00802411527005):0); 0.8396225839320771 0.7714285714285715 (r5:1,((r2:1,(r3:1,(r7:1,(r4:1,(r0:1,r6:1)0.52:0.0169316214158)0.47:0.0140502229633)0.5:0.0185577344184)0.35:0.00119871425022)0.52:0.0183011643824,r1:1):0); 0.865734375683049 0.7714285714285715
1000 1000.0 18 6.582116666666667 1.283 738 (r5:1,(r4:1,(r7:1,((r6:1,(r0:1,r3:1)0.43:0.00772204609391)0.45:0.00865371926994,(r2:1,r1:1)0.45:0.0100402449852)0.42:0.00827590930386)0.7:0.0260096633372):0); 0.6938482934404988 0.5857142857142856 (r1:1,((r7:1,(r4:1,r5:1)0.78:0.0408219945203)0.36:0.00203873668985,((r6:1,r2:1)0.45:0.01317240282,(r0:1,r3:1)0.74:0.0362665012558)0.57:0.0216310201263):0); 0.7577900404996482 0.6714285714285715
1000 1000.0 19 6.628866666666667 1.268 746 (r6:1,((r5:1,(r7:1,(r0:1,(r2:1,(r1:1,r4:1)0.64:0.0214063101107)0.44:0.00783531134237)0.4:0.00517487174356)0.37:0.00237544651301)0.66:0.0232451092804,r3:1):0); 0.7300241590395937 0.6142857142857143 (r6:1,(r5:1,((r7:1,r0:1)0.41:0.00737523294622,(r2:1,(r3:1,(r4:1,r1:1)0.46:0.013473661119)0.36:0.00188397019208)0.37:0.00385814397558)0.63:0.0263042734251):0); 0.741251060677422 0.6714285714285715
1000 1000.0 1 6.9658500000000005 1.231 763 (r2:1,(r3:1,(r6:1,((r1:1,(r7:1,r5:1)0.63:0.0201823197499)0.6:0.0186544355718,(r4:1,r0:1)0.51:0.0123975452855)0.38:0.00300150300376)0.59:0.0177388243374):0); 0.7501918662361101 0.7142857142857143 (r4:1,(r0:1,((r2:1,r3:1)0.76:0.0383511478811,((r5:1,r7:1)0.52:0.0183729365764,(r6:1,r1:1)0.4:0.00573446653041)0.39:0.00549718441723)0.64:0.0273363060472):0); 0.7126828814688351 0.6285714285714286
1000 1000.0 20 6.749633333333334 1.259 754 (r2:1,((r1:1,r5:1)0.51:0.0122626926118,((r0:1,(r6:1,(r7:1,r4:1)0.36:0.00169974544748)0.43:0.00821295485139)0.71:0.0275146059888,r3:1)0.38:0.00312676134926):0); 0.7446256668443372 0.6428571428571428 (r0:1,(((r6:1,r2:1)0.54:0.0189087004196,((r3:1,r7:1)0.43:0.00968925984308,(r1:1,r4:1)0.38:0.00421873090405)0.49:0.0141417588611)0.45:0.0106401132782,r5:1):0); 0.8509707138200338 0.8285714285714285
1000 1000.0 21 6.617216666666667 1.268 738 (r1:1,(r5:1,((r7:1,(r6:1,r2:1)0.4:0.00440529346792)0.36:0.00174978172379,(r3:1,(r0:1,r4:1)0.37:0.00230034606613)0.54:0.0144647512867)0.54:0.0150984247126):0); 0.7852689095663992 0.7285714285714286 (r6:1,(r7:1,(r2:1,((r3:1,(r4:1,r0:1)0.65:0.0300858346223)0.44:0.0124093602115,(r1:1,r5:1)0.38:0.00460335322651)0.59:0.0239167320139)0.45:0.011927088836):0); 0.6892056665325951 0.6571428571428571
1000 1000.0 22 6.712133333333333 1.272 745 (r2:1,(r7:1,((r6:1,(r1:1,r5:1)0.41:0.0059115446941)0.39:0.00438020849256,(r4:1,(r0:1,r3:1)0.43:0.0101411582504)0.58:0.0186544355718)0.59:0.0196727655987):0); 0.7955383138592065 0.7428571428571429 (r0:1,((r3:1,(r1:1,((r5:1,r6:1)0.44:0.0118662536439,(r7:1,r2:1)0.5:0.0156104017821)0.53:0.0183740108872)0.43:0.0103348482215)0.36:0.00156862777263,r4:1):0); 0.7303101140072582 0.6285714285714286
1000 1000.0 23 6.867383333333334 1.28 763 (r2:1,(r7:1,(r4:1,((r6:1,r1:1)0.41:0.00684991401126,(r0:1,(r5:1,r3:1)0.39:0.00410431528656)0.51:0.0135782825399)0.52:0.0129455713515)0.55:0.0146928274651):0); 0.8582363849194291 0.8142857142857143 (r4:1,(r7:1,((r3:1,r0:1)0.45:0.0113538337569,(r2:1,(r5:1,(r6:1,r1:1)0.5:0.0162775975203)0.49:0.0142001293791)0.43:0.0117940976357)0.41:0.00730400669259):0); 0.8322046571761571 0.7428571428571429
1000 1000.0 24 6.865633333333333 1.249 760 (r2:1,(r7:1,(r5:1,(r1:1,(r3:1,(r0:1,(r6:1,r4:1)0.78:0.0303253297149)0.4:0.00538409865091)0.42:0.00752071732335)0.59:0.0175100524601)0.46:0.0134770218442):0); 0.85496625114824 0.7714285714285715 (r0:1,(r4:1,(r6:1,((r1:1,r3:1)0.54:0.0220571723524,((r7:1,r2:1)0.52:0.0181454815679,r5:1)0.44:0.0124350937232)0.57:0.0215411102871)0.34:0):0); 0.8203459528966881 0.7571428571428571
1000 1000.0 25 6.812866666666666 1.23 754 (r4:1,((r1:1,(r7:1,r5:1)0.43:0.00681638565465)0.46:0.00934674182091,((r6:1,(r2:1,r3:1)0.47:0.00953583135537)0.41:0.005949230059,r0:1)0.44:0.00802411527005):0); 0.7689167194948823 0.6857142857142857 (r6:1,(((r2:1,r3:1)0.85:0.0488010884152,(r4:1,(r5:1,(r1:1,r7:1)0.43:0.0106282035379)0.44:0.0107163409358)0.48:0.0146817348172)0.41:0.00678421108412,r0:1):0); 0.8505635306022411 0.7714285714285715
1000 1000.0 26 6.640169047619047 1.235 753 (r3:1,((r4:1,(r7:1,(r5:1,(r2:1,(r6:1,r0:1)0.43:0.00711818134126)0.5:0.0127558360317)0.37:0.00266755743378)0.55:0.0156056527224)0.66:0.0220188675572,r1:1):0); 0.8032633296287259 0.7428571428571429 (r4:1,((r6:1,(r1:1,r3:1)0.53:0.0179046383855)0.44:0.0108678454676,((r2:1,(r7:1,r5:1)0.45:0.0115275051711)0.41:0.00677516891649,r0:1)0.44:0.0107143882124):0); 0.7689167194948823 0.7142857142857143
1000 1000.0 27 6.591807142857143 1.258 760 (r6:1,((r1:1,(r2:1,(r4:1,(r5:1,(r0:1,r7:1)0.5:0.0116560805216)0.43:0.00745781039413)0.47:0.0102084394184)0.55:0.0150350392975)0.48:0.0104439591611,r3:1):0); 0.8584336217806773 0.7857142857142857 (r3:1,(r1:1,((r4:1,(r7:1,(r0:1,(r2:1,r5:1)0.5:0.0151171801346)0.37:0.00317791073434)0.5:0.017951701595)0.38:0.00467468373163,r6:1)0.38:0.00446788340407):0); 0.8476654972458683 0.7571428571428571
1000 1000.0 28 6.78685 1.254 776 (r2:1,(r7:1,((r4:1,(r6:1,r0:1)0.51:0.0137808346978)0.39:0.00438020849256,((r1:1,r3:1)0.66:0.0232451092804,r5:1)0.41:0.00513303161469)0.37:0.00266755743378):0); 0.8518818866548178 0.8142857142857143 (r2:1,((r5:1,(r3:1,r1:1)0.37:0.00303707245504)0.42:0.0083042435259,((r6:1,r7:1)0.37:0.00316749759669,(r4:1,r0:1)0.61:0.0251022675157)0.49:0.0156657362386):0); 0.687994334003028 0.6142857142857143
1000 1000.0 29 6.673100000000001 1.27 767 (r2:1,(r0:1,(((r4:1,r7:1)0.58:0.0186544355718,(r3:1,r5:1)0.69:0.0243960781395)0.35:0.000687049151038,(r1:1,r6:1)0.82:0.0340393544113)0.53:0.0150350392975):0); 0.7126828814688351 0.6285714285714286 (r0:1,((r2:1,r7:1)0.48:0.0180315018832,(r4:1,((r6:1,r1:1)0.73:0.0354019270509,(r3:1,r5:1)0.74:0.0363434635903)0.54:0.0213782246359)0.36:0.00288088841909):0); 0.8882604004265823 0.8142857142857143
1000 1000.0 2 6.902833333333334 1.25 791 (r7:1,((r4:1,r1:1)0.58:0.017128882263,((r6:1,r2:1)0.41:0.00601204215663,(r5:1,(r0:1,r3:1)0.52:0.0131733012648)0.64:0.0206921336788)0.39:0.00387864108393):0); 0.8093488277241733 0.7857142857142857 (r1:1,((r7:1,(r6:1,(r3:1,r2:1)0.56:0.026029579931)0.38:0.00456472915211)0.46:0.0118102002273,(r4:1,(r5:1,r0:1)0.69:0.0310611535548)0.39:0.00476604021759):0); 0.8133188871120245 0.7285714285714286
1000 1000.0 30 6.772733333333333 1.288 783 (r0:1,(r7:1,(((r2:1,r3:1)0.55:0.0156056527224,(r4:1,r6:1)0.73:0.0267019976855)0.51:0.012092045765,(r1:1,r5:1)0.43:0.00896866998276)0.45:0.0085907410289):0); 0.7800365553396398 0.7285714285714286 (r0:1,(r5:1,(((r2:1,r3:1)0.48:0.0178692922099,(r6:1,r4:1)0.73:0.0347510595662)0.56:0.0217115721832,(r7:1,r1:1)0.38:0.00393638467755)0.41:0.00666114036678):0); 0.7800365553396398 0.7285714285714286
1000 1000.0 31 6.985340476190476 1.22 764 (r0:1,((r4:1,(r2:1,(r3:1,(r5:1,r7:1)0.78:0.0300164494036)0.57:0.0173194492002)0.47:0.00953583135537)0.43:0.00726911334668,(r6:1,r1:1)0.55:0.0211001720401):0); 0.7009360662787054 0.6571428571428571 (r7:1,((r3:1,(r2:1,(r4:1,(r6:1,(r1:1,r0:1)0.49:0.0256649699388)0.39:0.00570292609295)0.66:0.0293276150945)0.46:0.0137474448907)0.79:0.0408219945203,r5:1):0); 0.6304516992704999 0.5857142857142856
1000 1000.0 32 6.734816666666666 1.272 745 (r0:1,((r6:1,(r3:1,(r5:1,r2:1)0.48:0.0104439591611)0.45:0.00991411772266)0.64:0.0206921336788,((r4:1,r1:1)0.45:0.00862852749757,r7:1)0.36:0.001624695727):0); 0.8268418152277606 0.7571428571428571 (r2:1,(r5:1,(r3:1,(r6:1,((r1:1,(r4:1,r7:1)0.48:0.0142640316796)0.36:0.00230680609791,r0:1)0.42:0.007531702841)0.7:0.0320292425723)0.47:0.0123873465053):0); 0.8133188871120245 0.7428571428571429
1000 1000.0 33 6.761683333333334 1.239 748 (r0:1,(r5:1,(r3:1,((r6:1,(r4:1,r1:1)0.64:0.0211001720401)0.4:0.00550965581097,(r2:1,r7:1)0.65:0.0239270049768)0.49:0.0111761067846)0.39:0.00410431528656):0); 0.8656924005197847 0.8285714285714285 (r5:1,(r4:1,(r1:1,(r0:1,((r7:1,(r2:1,r6:1)0.42:0.00782922148654)0.49:0.0148514817267,r3:1)0.34:0)0.37:0.00317791073434)0.39:0.00509891214605):0); 0.7553937913791462 0.7
1000 1000.0 34 6.69585 1.248 750 (r0:1,(((r2:1,(r6:1,r1:1)0.4:0.00561011289077)0.49:0.0109235815308,(r5:1,(r7:1,r3:1)0.44:0.00832627571954)0.41:0.00601204215663)0.57:0.0196727655987,r4:1):0); 0.8203459528966881 0.7571428571428571 (r0:1,(((r2:1,r7:1)0.54:0.0244669537201,(r5:1,(r4:1,r3:1)0.48:0.0166549830983)0.47:0.0134290290267)0.37:0.00373667870768,(r1:1,r6:1)0.69:0.0364835929217):0); 0.7537329758082695 0.7
1000 1000.0 35 6.741083333333333 1.29 763 (r3:1,((r0:1,r4:1)0.81:0.0321806178167,(r5:1,(r2:1,((r6:1,r7:1)0.86:0.0371449469694,r1:1)0.51:0.0131353426776)0.41:0.00752071732335)0.4:0.005949230059):0); 0.7064456734405591 0.6571428571428571 (r6:1,(r1:1,(r7:1,(r2:1,((r5:1,r3:1)0.41:0.00735543269396,(r0:1,r4:1)0.89:0.0534620775302)0.52:0.0174217925947)0.52:0.0178719508858)0.49:0.0194585708675):0); 0.787089860595896 0.7571428571428571
1000 1000.0 36 7.0198833333333335 1.27 758 (r3:1,(((r7:1,r4:1)0.65:0.0218827112495,(r5:1,(r6:1,r0:1)0.4:0.00561011289077)0.44:0.00777238462051)0.45:0.00915768803455,(r1:1,r2:1)0.53:0.0143887374521):0); 0.6910349047480469 0.6 (r1:1,(r2:1,(r7:1,(r6:1,(r4:1,(r3:1,(r5:1,r0:1)0.47:0.0119842771148)0.44:0.0164755515145)0.4:0.00587401025775)0.52:0.016642576975)0.51:0.0164308110996):0); 0.800508526047799 0.7428571428571429
1000 1000.0 37 6.728666666666666 1.28 757 (r5:1,(r1:1,(r4:1,(r2:1,((r3:1,r7:1)0.46:0.00934674182091,(r0:1,r6:1)0.67:0.0222869794763)0.48:0.0105449131766)0.57:0.0175100524601)0.52:0.0140847398817):0); 0.8533625471782722 0.8142857142857143 (r1:1,(r4:1,(r5:1,((r7:1,r2:1)0.51:0.0171463564829,((r6:1,r0:1)0.76:0.0386175354855,r3:1)0.36:0.00210244032931)0.46:0.0115947582081)0.36:0.0019578185483):0); 0.8656924005197847 0.8285714285714285
1000 1000.0 38 6.808950000000001 1.225 770 (r1:1,(r2:1,(r5:1,(r4:1,(r0:1,(r6:1,(r3:1,r7:1)0.65:0.0211001720401)0.45:0.00840183009985)0.56:0.0172982733026)0.36:0.00181233059011)0.59:0.0174338067965):0); 0.7453382338958476 0.6571428571428571 (r2:1,((r1:1,(r4:1,((r3:1,r7:1)0.77:0.0381464343514,(r6:1,r0:1)0.39:0.00527010442424)0.43:0.00942388156418)0.45:0.0129634522734)0.37:0.00308483535121,r5:1):0); 0.8424216005081083 0.7857142857142857
1000 1000.0 39 6.740047619047618 1.285 751 (r3:1,(r1:1,((r5:1,r7:1)0.52:0.0129455713515,(r6:1,(r4:1,(r0:1,r2:1)0.76:0.0290903804996)0.43:0.00726911334668)0.42:0.00664038022317)0.43:0.00726911334668):0); 0.6749783740950458 0.6 (r2:1,(r0:1,((r5:1,r7:1)0.48:0.0139046869078,((r1:1,r4:1)0.49:0.0148714095341,(r3:1,r6:1)0.44:0.0119523335238)0.42:0.00845388794567)0.59:0.0264893945992):0); 0.7313412102184752 0.6714285714285715
1000 1000.0 3 6.55852619047619 1.294 772 (r2:1,(r5:1,((r1:1,r7:1)0.38:0.00312676134926,(r0:1,(r4:1,(r6:1,r3:1)0.5:0.0226318004602)0.45:0.00953583135537)0.42:0.00626333000818)0.64:0.0220954636278):0); 0.8561615637543033 0.8 (r7:1,(((r1:1,r0:1)0.44:0.00954040193773,(r2:1,r5:1)0.64:0.0267333317959)0.43:0.0101721470116,(r4:1,(r3:1,r6:1)0.67:0.0398625573164)0.46:0.0119316176599):0); 0.6530964807547179 0.5571428571428572
1000 1000.0 40 6.862633333333333 1.272 768 (r2:1,(r5:1,(r3:1,(r0:1,((r6:1,r4:1)0.66:0.0217125419306,(r7:1,r1:1)0.42:0.00689182603792)0.46:0.00877968765205)0.4:0.00557244030322)0.4:0.00681638565465):0); 0.8075237472597983 0.7428571428571429 (r3:1,(r1:1,((r0:1,(r5:1,r2:1)0.6:0.0241655643315)0.38:0.00425314126503,(r7:1,(r6:1,r4:1)0.69:0.0324668312)0.5:0.0148604133252)0.42:0.00899526650553):0); 0.7104721959979173 0.5857142857142856
1000 1000.0 41 6.701185714285715 1.286 774 (r1:1,(r5:1,(((r7:1,r4:1)0.63:0.0213297668063,(r3:1,r6:1)0.54:0.0157959295758)0.35:0.000968250821355,(r0:1,r2:1)0.56:0.0156056527224)0.51:0.0119972545426):0); 0.7015634747892203 0.6 (r4:1,((r6:1,r3:1)0.57:0.0256723550541,((r7:1,(r5:1,r1:1)0.55:0.022189603071)0.42:0.00800528254429,(r2:1,r0:1)0.46:0.0130136827363)0.53:0.0205823820674):0); 0.7604612705289174 0.6857142857142857
1000 1000.0 42 6.9135 1.245 766 (r2:1,(r0:1,((r1:1,r3:1)0.53:0.0138947883188,(r6:1,((r4:1,r7:1)0.51:0.0122626926118,r5:1)0.67:0.0222869794763)0.56:0.0157324999351)0.52:0.0137048728306):0); 0.5628668875941956 0.4285714285714286 (r4:1,(r7:1,(r5:1,(r6:1,((r3:1,r2:1)0.49:0.0139432461484,(r0:1,r1:1)0.48:0.0136965561883)0.44:0.0106391734436)0.55:0.0191982814821)0.47:0.0140164019735):0); 0.4535544176693765 0.3571428571428571
1000 1000.0 43 6.634683333333334 1.275 747 (r4:1,(r0:1,(r5:1,(r2:1,((r6:1,(r3:1,r1:1)0.47:0.0137808346978)0.7:0.024972059724,r7:1)0.34:2.22044604925e-16)0.47:0.00972495665144)0.41:0.00621306738597):0); 0.8133188871120245 0.7428571428571429 (r6:1,(r4:1,(r2:1,((r0:1,(r5:1,(r3:1,r1:1)0.51:0.0164230752988)0.37:0.00258064659349)0.42:0.00881239430136,r7:1)0.5:0.0154767626031)0.4:0.00586107521655):0); 0.7716715230758092 0.6714285714285715
1000 1000.0 44 6.8026 1.295 765 (r0:1,((r4:1,((r3:1,r7:1)0.63:0.0198425881346,(r1:1,(r2:1,r6:1)0.38:0.00320192388828)0.43:0.00928371992078)0.52:0.0140847398817)0.52:0.0143887374521,r5:1):0); 0.8656924005197847 0.8 (r2:1,(r1:1,(r6:1,((r5:1,r0:1)0.66:0.0294832676161,(r4:1,(r3:1,r7:1)0.57:0.0212440515899)0.39:0.00571947260498)0.74:0.0354822396039)0.46:0.0113212042586):0); 0.7955383138592065 0.7428571428571429
1000 1000.0 45 6.612833333333333 1.26 757 (r0:1,((r2:1,(r5:1,r1:1)0.42:0.00832627571954)0.45:0.0101033145826,((r3:1,r6:1)0.56:0.0159862426414,(r7:1,r4:1)0.6:0.0178913680033)0.51:0.0129455713515):0); 0.7303101140072582 0.6571428571428571 (r4:1,((r7:1,r3:1)0.4:0.00650094532349,(r6:1,((r1:1,r2:1)0.51:0.0159352786796,(r0:1,r5:1)0.51:0.0167849917302)0.48:0.0136520891683)0.46:0.0121344934227):0); 0.7303101140072582 0.6285714285714286
1000 1000.0 46 6.5275333333333325 1.25 770 (r6:1,(r0:1,((r7:1,(r1:1,r4:1)0.73:0.0269328823596)0.48:0.0101663881579,(r3:1,(r5:1,r2:1)0.43:0.00711818134126)0.49:0.0135782825399)0.59:0.0193332070216):0); 0.8656924005197847 0.8142857142857143 (r0:1,(r6:1,((r2:1,r5:1)0.46:0.0126038152714,(r3:1,((r4:1,r1:1)0.59:0.0232671893822,r7:1)0.4:0.00677968698538)0.6:0.0266842395337)0.5:0.0164274741419):0); 0.8882604004265823 0.8285714285714285
1000 1000.0 47 6.845599999999999 1.247 755 (r1:1,(r5:1,(r4:1,(r0:1,((r7:1,r2:1)0.4:0.00557244030322,(r3:1,r6:1)0.49:0.0159862426414)0.41:0.00726911334668)0.47:0.00972495665144)0.6:0.0186544355718):0); 0.8350036737521883 0.7714285714285715 (r0:1,(r1:1,((r4:1,((r6:1,r7:1)0.61:0.025266629602,(r3:1,r2:1)0.47:0.0136671241275)0.35:0.00118923754168)0.48:0.0132888672397,r5:1)0.36:0.00248712155209):0); 0.5198271042517526 0.5142857142857142
1000 1000.0 48 6.4732166666666675 1.259 737 (r2:1,(r0:1,(r3:1,((r5:1,r4:1)0.54:0.0144225206652,(r6:1,(r7:1,r1:1)0.54:0.017128882263)0.39:0.00500752173062)0.53:0.0150984247126)0.39:0.00500752173062):0); 0.6244219276596281 0.5428571428571429 (r3:1,((r5:1,(r6:1,(r1:1,r7:1)0.43:0.00921166091067)0.66:0.0295086698084)0.48:0.0158235873613,(r2:1,(r4:1,r0:1)0.6:0.0241954734108)0.47:0.0148486717972):0); 0.7245145518777398 0.6428571428571428
1000 1000.0 49 6.7809333333333335 1.249 750 (r2:1,((r4:1,r5:1)0.49:0.0113529124126,((r0:1,(r6:1,r7:1)0.46:0.00923330526019)0.52:0.016620881236,(r3:1,r1:1)0.55:0.0203522288489)0.41:0.00613767818921):0); 0.619051579872017 0.6142857142857143 (r6:1,((r3:1,(r4:1,((r0:1,r2:1)0.45:0.0123027320644,(r7:1,r5:1)0.39:0.00507783407)0.46:0.0123032309611)0.51:0.0190223127091)0.53:0.0247148865376,r1:1):0); 0.7631329540177498 0.7
1000 1000.0 4 6.678649999999999 1.255 784 (r2:1,(r4:1,(r0:1,(((r3:1,r7:1)0.46:0.00915768803455,(r6:1,r5:1)0.43:0.00708045189909)0.44:0.00777238462051,r1:1)0.5:0.0118076990497)0.53:0.0146928274651):0); 0.6742543707568329 0.5428571428571429 (r7:1,(r3:1,((r5:1,(r6:1,(r2:1,r1:1)0.54:0.0190116478739)0.37:0.0034416037412)0.55:0.0197824633053,(r0:1,r4:1)0.46:0.0121732051023)0.68:0.0305794005951):0); 0.8110467671740422 0.7571428571428571
1000 1000.0 50 6.802066666666667 1.247 760 (r2:1,((r5:1,r1:1)0.72:0.0263173083174,((r6:1,r0:1)0.42:0.00668228346858,(r7:1,(r3:1,r4:1)0.84:0.0362122560888)0.48:0.0109235815308)0.39:0.00387864108393):0); 0.8128899372963326 0.7571428571428571 (r5:1,(r1:1,(r2:1,((r0:1,(r3:1,r4:1)0.65:0.0287032807824)0.52:0.0167295508326,(r7:1,r6:1)0.66:0.0289300936702)0.42:0.00845065101801)0.62:0.026967519659):0); 0.665125748374821 0.6
1000 1000.0 51 6.844766666666667 1.25 764 (r7:1,(r5:1,((r1:1,(r6:1,r2:1)0.5:0.0131733012648)0.54:0.0143380647723,(r4:1,(r0:1,r3:1)0.5:0.0116560805216)0.46:0.00877968765205)0.47:0.0120604476925):0); 0.715114822905821 0.6428571428571428 (r6:1,(r3:1,((r0:1,(r7:1,r4:1)0.39:0.00480440182886)0.47:0.0130843663765,((r5:1,r2:1)0.78:0.0414399051194,r1:1)0.47:0.0137541738189)0.51:0.0159377329748):0); 0.8093488277241733 0.7571428571428571
1000 1000.0 52 6.547540476190475 1.275 741 (r3:1,((r2:1,((r7:1,r5:1)0.5:0.0117234636961,(r0:1,(r4:1,r1:1)0.43:0.00802411527005)0.34:0.000249781442537)0.42:0.00689182603792)0.53:0.0137808346978,r6:1):0); 0.7048454186130136 0.6142857142857143 (r2:1,(r7:1,(r5:1,((r1:1,(r0:1,r4:1)0.53:0.0183983040853)0.38:0.0045045121211,(r3:1,r6:1)0.49:0.0163748698749)0.51:0.0165846213748)0.38:0.0047506027586):0); 0.7749995052735918 0.7
1000 1000.0 53 7.004899999999999 1.249 746 (r3:1,((r5:1,r2:1)0.53:0.0137808346978,(r4:1,((r7:1,r6:1)0.4:0.00613767818921,(r1:1,r0:1)0.48:0.0144647512867)0.47:0.0116813486799)0.43:0.00708045189909):0); 0.6107807007504877 0.5571428571428572 (r3:1,((r2:1,((r1:1,r7:1)0.57:0.0210248504167,(r4:1,r6:1)0.71:0.0363923853166)0.51:0.0205315361017)0.41:0.00662692948761,(r5:1,r0:1)0.58:0.0228990327702):0); 0.8396225839320771 0.7714285714285715
1000 1000.0 54 6.801383333333333 1.267 757 (r2:1,(r7:1,((r6:1,r3:1)0.82:0.0334581280072,((r1:1,r5:1)0.56:0.0154154120674,(r0:1,r4:1)0.49:0.0112392480633)0.42:0.00811853060317)0.7:0.0251641273324):0); 0.8079647125098113 0.7714285714285715 (r5:1,(r1:1,((r2:1,(r4:1,(r7:1,(r6:1,r3:1)0.77:0.0393158263721)0.5:0.0181352120442)0.46:0.0117073563969)0.56:0.0209294755435,r0:1)0.63:0.0258484527301):0); 0.6693442597257886 0.5857142857142856
1000 1000.0 55 6.692966666666667 1.254 765 (r5:1,(r2:1,(r1:1,(r7:1,(r3:1,(r0:1,(r6:1,r4:1)0.42:0.00862852749757)0.47:0.00953583135537)0.53:0.0142536160115)0.42:0.00651468102119)0.79:0.0318711640002):0); 0.8476654972458683 0.7571428571428571 (r4:1,(r7:1,(r3:1,((r0:1,r1:1)0.56:0.0217719691356,(r6:1,(r2:1,r5:1)0.47:0.0127724595235)0.47:0.0138623985654)0.44:0.0110450810861)0.44:0.0118947876521):0); 0.6052410660070502 0.5714285714285714
1000 1000.0 56 6.547233333333333 1.257 755 (r6:1,(r7:1,((r2:1,(r3:1,r4:1)0.39:0.00470636226441)0.41:0.00613767818921,((r0:1,r1:1)0.51:0.0186544355718,r5:1)0.49:0.0138314791485)0.42:0.00735297430526):0); 0.4989084186804387 0.4714285714285714 (r7:1,(((r6:1,r5:1)0.61:0.0317701609963,((r4:1,r2:1)0.51:0.0168568911798,(r0:1,r1:1)0.87:0.0522455578485)0.46:0.0121551538376)0.37:0.0033145539129,r3:1):0); 0.5446173136883814 0.4285714285714286
1000 1000.0 57 6.571116666666667 1.277 753 (r5:1,(r7:1,((r3:1,(r0:1,r4:1)0.38:0.0035026305512)0.55:0.0149716579,(r6:1,(r1:1,r2:1)0.46:0.0101411582504)0.54:0.0140847398817)0.6:0.0181456591681):0); 0.715114822905821 0.6428571428571428 (r4:1,(r6:1,((r1:1,(r7:1,(r5:1,r0:1)0.41:0.00760197164761)0.43:0.0106811564392)0.52:0.0184656562394,(r2:1,r3:1)0.38:0.00436777283156)0.5:0.0150578575841):0); 0.7514680040093731 0.6857142857142857
1000 1000.0 58 6.890992857142857 1.257 771 (r0:1,((r1:1,((r6:1,r7:1)0.56:0.0159862426414,(r5:1,r4:1)0.43:0.00934674182091)0.52:0.0140847398817)0.38:0.0035026305512,(r3:1,r2:1)0.54:0.0153012850439):0); 0.44261347099921255 0.34285714285714286 (r6:1,(r7:1,(r5:1,((r1:1,(r3:1,r0:1)0.54:0.020435607669)0.5:0.0155075729743,(r2:1,r4:1)0.7:0.0337381396319)0.35:0.000717823589792)0.64:0.0275164760977):0); 0.42312755463495705 0.3142857142857143
1000 1000.0 59 6.71925 1.256 766 (r4:1,(((r6:1,r7:1)0.65:0.021138434174,((r3:1,r2:1)0.37:0.00237544651301,(r0:1,r5:1)0.47:0.00972495665144)0.54:0.0144647512867)0.61:0.0188452934787,r1:1):0); 0.6696768801586126 0.6142857142857143 (r6:1,(((r4:1,r1:1)0.53:0.0174720119579,((r2:1,r3:1)0.47:0.0128028467384,(r5:1,r0:1)0.49:0.015372157829)0.52:0.0167924088107)0.58:0.0220077859171,r7:1):0); 0.6696768801586126 0.6142857142857143
1000 1000.0 5 6.563183333333333 1.265 775 (r1:1,(((r5:1,(r0:1,r7:1)0.5:0.0113529124126)0.56:0.0154788215979,(r3:1,(r6:1,r4:1)0.41:0.00621306738597)0.46:0.0106711200298)0.47:0.0103766621457,r2:1):0); 0.726111948078336 0.6571428571428571 (r7:1,((r0:1,r5:1)0.39:0.00507748617766,((r2:1,(r3:1,r1:1)0.7:0.0323061802945)0.37:0.00347373341057,(r6:1,r4:1)0.6:0.0239443161565)0.48:0.0145829116019):0); 0.7501918662361101 0.6428571428571428
1000 1000.0 60 6.895533333333333 1.263 755 (r2:1,(((r3:1,r7:1)0.67:0.0222869794763,(r5:1,(r4:1,(r6:1,r0:1)0.4:0.00561011289077)0.49:0.0112392480633)0.45:0.00928371992078)0.65:0.0213297668063,r1:1):0); 0.8082477505980111 0.7285714285714286 (r4:1,(r6:1,((r1:1,((r2:1,r5:1)0.46:0.0113836605835,(r7:1,r3:1)0.75:0.037151458447)0.42:0.00831162153149)0.71:0.0351537866258,r0:1)0.43:0.00896866998276):0); 0.7863658572576832 0.7571428571428571
1000 1000.0 61 6.730083333333334 1.247 727 (r2:1,((r7:1,(r3:1,(r4:1,(r5:1,r6:1)0.63:0.0201823197499)0.36:0.001624695727)0.35:0.000666222542964)0.45:0.00840183009985,(r1:1,r0:1)0.62:0.0211001720401):0); 0.38619204506365984 0.3142857142857143 (r0:1,(r1:1,((r2:1,r7:1)0.66:0.0299526928822,(r3:1,(r4:1,(r5:1,r6:1)0.42:0.00819452823697)0.44:0.0100365806007)0.39:0.00563381771826)0.4:0.00764908116395):0); 0.4507554010933454 0.4285714285714286
1000 1000.0 62 6.871730952380952 1.258 733 (r6:1,(r5:1,((r2:1,(r3:1,(r7:1,r1:1)0.67:0.0232451092804)0.39:0.00387864108393)0.45:0.00840183009985,(r4:1,r0:1)0.53:0.0133251500237)0.43:0.00670323574976):0); 0.8082477505980111 0.7285714285714286 (r5:1,(r4:1,((r0:1,r3:1)0.42:0.00793965591001,((r7:1,r2:1)0.64:0.0283771901508,(r6:1,r1:1)0.41:0.00728090586904)0.4:0.0056928823817)0.78:0.0414602363246):0); 0.7800365553396398 0.7285714285714286
1000 1000.0 63 6.612100000000001 1.26 761 (r3:1,(r1:1,(r4:1,((r0:1,r5:1)0.4:0.00450563966237,((r2:1,r6:1)0.54:0.0177388243374,r7:1)0.56:0.0156056527224)0.37:0.00225028223474)0.84:0.0362122560888):0); 0.715114822905821 0.6857142857142857 (r3:1,(r1:1,(r7:1,(r2:1,(r0:1,((r5:1,r4:1)0.44:0.0107845887842,r6:1)0.41:0.00688995779221)0.49:0.0170424088245)0.54:0.0196378419287)0.56:0.0234053237316):0); 0.7851944511915452 0.6714285714285715
1000 1000.0 64 6.881583333333334 1.235 781 (r2:1,(r7:1,((r5:1,r0:1)0.66:0.0222869794763,(r4:1,(r6:1,(r3:1,r1:1)0.46:0.0101411582504)0.49:0.0110498361866)0.39:0.00362795168678)0.59:0.0175100524601):0); 0.8635794905102233 0.8142857142857143 (r7:1,(((r6:1,r5:1)0.41:0.00731194329501,(r2:1,(r1:1,r3:1)0.59:0.0228938198659)0.6:0.0263460402342)0.39:0.00619643167155,(r4:1,r0:1)0.71:0.0325303409204):0); 0.726111948078336 0.6142857142857143
1000 1000.0 65 6.456466666666667 1.268 760 (r0:1,(r7:1,(r4:1,((r5:1,r2:1)0.54:0.0161131381431,((r3:1,r6:1)0.65:0.0235519048036,r1:1)0.46:0.00915768803455)0.48:0.0107973428132)0.4:0.00500752173062):0); 0.8979560551576218 0.8428571428571429 (r2:1,(r3:1,(r1:1,((r0:1,(r4:1,r7:1)0.38:0.00384817686704)0.52:0.0191221840943,(r5:1,r6:1)0.37:0.00309366046848)0.44:0.0101757479219)0.43:0.00927584246252):0); 0.6938482934404988 0.5857142857142856
1000 1000.0 66 6.88865 1.255 760 (r4:1,(r5:1,(r7:1,((r2:1,(r0:1,r6:1)0.56:0.0162146661396)0.43:0.00664038022317,(r3:1,r1:1)0.4:0.00450563966237)0.55:0.0152252075971)0.71:0.0250872958622):0); 0.7501918662361101 0.6428571428571428 (r7:1,(((r6:1,r0:1)0.85:0.0479420745135,(r2:1,(r1:1,r3:1)0.52:0.0250729466698)0.49:0.014414133955)0.51:0.0160474551546,(r4:1,r5:1)0.53:0.0178482428248):0); 0.7076588073054655 0.6
1000 1000.0 67 6.444976190476191 1.276 761 (r5:1,((r2:1,(r3:1,(r1:1,r4:1)0.44:0.00772204609391)0.59:0.0190361878192)0.48:0.0100402449852,(r0:1,(r6:1,r7:1)0.43:0.00711818134126)0.54:0.0163669774642):0); 0.6720990633067154 0.6 (r0:1,(((r4:1,r3:1)0.37:0.00289771283607,(r5:1,(r1:1,r2:1)0.5:0.0159192942175)0.45:0.0107799965936)0.66:0.0293212448441,(r7:1,r6:1)0.39:0.00561602037659):0); 0.6375047206448874 0.6
1000 1000.0 68 6.679311904761905 1.281 762 (r0:1,(r5:1,(r7:1,(r6:1,((r2:1,r4:1)0.55:0.0163669774642,(r3:1,r1:1)0.41:0.00557244030322)0.42:0.00651468102119)0.47:0.0123764733564)0.71:0.0250872958622):0); 0.7514680040093731 0.6714285714285715 (r0:1,(r5:1,((r4:1,(r6:1,r7:1)0.5:0.0174102816576)0.44:0.00979713924498,(r3:1,(r2:1,r1:1)0.4:0.00606062461169)0.5:0.0162629140779)0.63:0.0260803051245):0); 0.49328164129553514 0.4285714285714286
1000 1000.0 69 6.645016666666667 1.27 752 (r1:1,(r2:1,(((r7:1,r4:1)0.56:0.0157747859152,(r3:1,(r0:1,r6:1)0.46:0.00893087065936)0.45:0.00802411527005)0.49:0.0107973428132,r5:1)0.53:0.0165193119911):0); 0.761188991408625 0.7285714285714286 (r1:1,(r2:1,(r4:1,((r5:1,(r0:1,r6:1)0.7:0.0323353806429)0.38:0.00383239197864,(r3:1,r7:1)0.53:0.0178421999336)0.44:0.0101471834639)0.52:0.0286420006053):0); 0.761188991408625 0.7
1000 1000.0 6 6.863833333333333 1.256 762 (r4:1,(r3:1,(r1:1,((r5:1,r6:1)0.51:0.0120604476925,(r2:1,(r0:1,r7:1)0.62:0.0195708859185)0.45:0.00852776675387)0.43:0.00701757265865)0.38:0.00290130762268):0); 0.7714583957014323 0.6714285714285715 (r3:1,(r4:1,(r1:1,(r2:1,((r7:1,r0:1)0.92:0.0582732129115,(r5:1,r6:1)0.56:0.020353857392)0.41:0.00748528037915)0.57:0.0215418437748)0.45:0.0109063662218):0); 0.698935280673192 0.6428571428571428
1000 1000.0 70 6.6979773809523815 1.27 779 (r0:1,((r3:1,r6:1)0.64:0.0238587944792,((r5:1,r4:1)0.65:0.0212022076506,(r7:1,(r2:1,r1:1)0.4:0.0059115446941)0.39:0.00387864108393)0.43:0.00701757265865):0); 0.7927249251667546 0.7142857142857143 (r0:1,((r6:1,r2:1)0.43:0.00882258861518,(r7:1,((r4:1,r1:1)0.56:0.0205381918751,(r5:1,r3:1)0.43:0.00841932988496)0.43:0.0113315660095)0.41:0.00713389513117):0); 0.8001058205038781 0.7571428571428571
1000 1000.0 71 6.811733333333334 1.255 768 (r7:1,((r4:1,(r5:1,((r0:1,r3:1)0.56:0.0156056527224,(r1:1,r6:1)0.75:0.0276643690426)0.45:0.00966191091174)0.45:0.00896866998276)0.57:0.0207941276613,r2:1):0); 0.8396225839320771 0.7714285714285715 (r7:1,((r2:1,(r3:1,(r0:1,(r6:1,r1:1)0.71:0.0351602203158)0.35:0.00132187725792)0.68:0.0324674832208)0.45:0.0137752260239,(r5:1,r4:1)0.45:0.0121149756721):0); 0.7036908698596324 0.6285714285714286
1000 1000.0 72 6.916483333333334 1.25 769 (r5:1,(r4:1,((r7:1,r6:1)0.4:0.00576081743479,((r1:1,r2:1)0.43:0.00821295485139,(r3:1,r0:1)0.54:0.0163669774642)0.44:0.00774092274444)0.4:0.00500752173062):0); 0.40632948133718294 0.30000000000000004 (r3:1,(r0:1,(((r5:1,r4:1)0.49:0.0138251049918,(r7:1,(r1:1,r2:1)0.53:0.0173562294565)0.42:0.0094624361945)0.43:0.00876757323134,r6:1)0.42:0.00927959035667):0); 0.7714583957014324 0.7
1000 1000.0 73 6.5868690476190475 1.25 751 (r5:1,(r2:1,(((r1:1,r3:1)0.48:0.01086046018,(r4:1,r7:1)0.6:0.0178913680033)0.44:0.007552172272,(r6:1,r0:1)0.47:0.0114286958236)0.48:0.0112392480633):0); 0.8266230412594514 0.7571428571428571 (r0:1,((r6:1,(r7:1,(r2:1,(r1:1,(r3:1,r4:1)0.63:0.0263315483618)0.41:0.00780992478003)0.48:0.0169215552029)0.51:0.0160668587385)0.49:0.0161034075666,r5:1):0); 0.7616159655925107 0.6857142857142857
1000 1000.0 74 6.880116666666667 1.241 757 (r3:1,(r6:1,((r7:1,(r0:1,(r1:1,r4:1)0.43:0.00681638565465)0.47:0.00972495665144)0.36:0.00174978172379,(r5:1,r2:1)0.66:0.0217125419306)0.55:0.016557399249):0); 0.7761489139257322 0.7142857142857143 (r0:1,(r1:1,(r4:1,(r7:1,((r3:1,r6:1)0.38:0.00472087389367,(r2:1,r5:1)0.5:0.0152335185792)0.47:0.0137780776025)0.56:0.0270432921641)0.59:0.0232508536502):0); 0.6668364440009129 0.6428571428571428
1000 1000.0 75 7.082621428571429 1.272 756 (r3:1,(r1:1,((r4:1,(r0:1,r6:1)0.41:0.00561011289077)0.42:0.00664038022317,((r5:1,r7:1)0.69:0.0235519048036,r2:1)0.45:0.0102925472447)0.41:0.00517487174356):0); 0.761188991408625 0.7285714285714286 (r6:1,((r5:1,r7:1)0.38:0.00367937340186,(r4:1,(r0:1,(r2:1,(r1:1,r3:1)0.43:0.00865500412937)0.46:0.0118186234626)0.6:0.0241209904891)0.39:0.00580459546597):0); 0.462186019233719 0.3142857142857143
1000 1000.0 76 6.600283333333333 1.262 786 (r3:1,(r4:1,(r6:1,((r7:1,(r0:1,r2:1)0.62:0.0211001720401)0.48:0.0101663881579,(r5:1,r1:1)0.62:0.0230747079849)0.43:0.00726911334668)0.4:0.00470636226441):0); 0.7640023801010768 0.7142857142857143 (r6:1,(((r1:1,r5:1)0.65:0.0284210959096,((r4:1,r2:1)0.35:0.0015775362161,(r0:1,r7:1)0.6:0.0323788076096)0.42:0.00798924912936)0.48:0.0132538605019,r3:1):0); 0.8620901204996485 0.8285714285714285
1000 1000.0 77 6.895711904761904 1.258 768 (r2:1,((r1:1,(r5:1,r4:1)0.85:0.0355909451027)0.51:0.0129455713515,((r6:1,(r7:1,r0:1)0.69:0.0340393544113)0.44:0.00896866998276,r3:1)0.4:0.00500752173062):0); 0.800508526047799 0.7428571428571429 (r5:1,(r4:1,(r1:1,((r2:1,r3:1)0.54:0.0201202296895,(r6:1,(r0:1,r7:1)0.91:0.0607746159241)0.41:0.00863722183707)0.59:0.0264227929314)0.44:0.0104787389874):0); 0.761188991408625 0.7
1000 1000.0 78 6.820366666666667 1.247 751 (r3:1,(r0:1,(r7:1,((r6:1,(r2:1,r5:1)0.74:0.0275488355666)0.49:0.0121868459737,(r1:1,r4:1)0.44:0.00903167203035)0.4:0.00538409865091)0.54:0.0149970099769):0); 0.8093488277241733 0.7571428571428571 (r5:1,((r6:1,r2:1)0.45:0.0110556535392,(r4:1,(r3:1,(r1:1,(r7:1,r0:1)0.5:0.0155976221355)0.38:0.00370059295313)0.5:0.016436569039)0.77:0.0389616793479):0); 0.800508526047799 0.7285714285714286
1000 1000.0 79 6.8569523809523805 1.247 746 (r2:1,(((r0:1,r1:1)0.48:0.0116181794812,(r5:1,(r4:1,(r3:1,r6:1)0.53:0.0159101130688)0.52:0.0131353426776)0.44:0.00789824202424)0.46:0.0101033145826,r7:1):0); 0.6640374274248818 0.6 (r0:1,(((r7:1,r2:1)0.58:0.0224855527331,(r6:1,(r5:1,(r3:1,r4:1)0.41:0.00728335339111)0.37:0.00360441931121)0.48:0.0149357834176)0.47:0.0127779202244,r1:1):0); 0.6033627739945677 0.5428571428571429
1000 1000.0 7 6.780722619047619 1.259 774 (r1:1,(r5:1,((r7:1,((r3:1,r4:1)0.56:0.0156056527224,(r0:1,r2:1)0.52:0.0137048728306)0.48:0.0104187222496)0.58:0.0173194492002,r6:1)0.34:0.000199820162518):0); 0.706353207429112 0.6 (r1:1,((r5:1,(r7:1,((r2:1,r0:1)0.65:0.0275607995789,(r4:1,r3:1)0.48:0.0151868220914)0.62:0.025460654924)0.54:0.0203219055111)0.39:0.00608122067253,r6:1):0); 0.7172941540992759 0.6142857142857143
1000 1000.0 80 6.865139285714285 1.257 760 (r0:1,(r4:1,((r7:1,((r1:1,r6:1)0.45:0.00934674182091,(r2:1,r5:1)0.45:0.0114286958236)0.47:0.00953583135537)0.48:0.0116181794812,r3:1)0.4:0.00470636226441):0); 0.8561615637543033 0.8 (r4:1,(r7:1,((r0:1,r3:1)0.47:0.0130228391618,(r5:1,(r6:1,(r2:1,r1:1)0.42:0.00842110239641)0.47:0.013902905169)0.48:0.0136155585484)0.49:0.0158857798662):0); 0.776148913925732 0.6857142857142857
1000 1000.0 81 6.6152999999999995 1.255 752 (r5:1,(((r0:1,r3:1)0.57:0.0161765919329,(r1:1,r7:1)0.42:0.00651468102119)0.46:0.0107973428132,(r4:1,(r6:1,r2:1)0.37:0.00230034606613)0.4:0.00500752173062):0); 0.8396225839320771 0.7714285714285715 (r5:1,((r2:1,(r6:1,(r7:1,(r1:1,(r3:1,r0:1)0.68:0.0315787545656)0.47:0.0138023880278)0.38:0.00443197652623)0.41:0.00762982636497)0.52:0.0172066329412,r4:1):0); 0.6748538668876424 0.6
1000 1000.0 82 6.60345 1.238 763 (r4:1,(r1:1,(r0:1,(r5:1,((r2:1,r7:1)0.59:0.0175100524601,(r3:1,r6:1)0.54:0.0201823197499)0.51:0.0135782825399)0.35:0.00124953158829)0.53:0.0137808346978):0); 0.733833133921502 0.6857142857142857 (r4:1,(r1:1,((r0:1,r5:1)0.42:0.00796102203121,(r6:1,(r2:1,(r3:1,r7:1)0.43:0.00923557103308)0.56:0.0210351461923)0.49:0.0148684874726)0.74:0.0362924533742):0); 0.7926878937479582 0.7428571428571429
1000 1000.0 83 6.65075 1.263 771 (r3:1,((r6:1,(r1:1,r4:1)0.62:0.0211001720401)0.65:0.0232451092804,((r2:1,(r0:1,r7:1)0.5:0.0119593405694)0.39:0.00500752173062,r5:1)0.4:0.00534224976722):0); 0.8927802319145209 0.8142857142857143 (r1:1,(r4:1,((r3:1,(r0:1,(r2:1,(r7:1,r5:1)0.46:0.0141797291955)0.39:0.0054601067078)0.42:0.0096949718596)0.52:0.0168257234868,r6:1)0.64:0.0289455808851):0); 0.8032633296287259 0.7285714285714286
1000 1000.0 84 6.689030952380953 1.234 751 (r1:1,(r4:1,((r7:1,r3:1)0.42:0.00726911334668,((r5:1,r0:1)0.5:0.0118076990497,(r6:1,r2:1)0.55:0.0146548111561)0.44:0.00736345741958)0.48:0.0106711200298):0); 0.8509707138200338 0.8285714285714285 (r0:1,((r1:1,(r2:1,(r7:1,(r6:1,r5:1)0.37:0.00360880940199)0.53:0.0190268750547)0.38:0.00380172997736)0.41:0.00705314804018,(r3:1,r4:1)0.39:0.00692412886222):0); 0.5617584790028126 0.48571428571428577
1000 1000.0 85 6.846992857142857 1.285 734 (r4:1,(r0:1,((r3:1,r2:1)0.63:0.0201823197499,((r6:1,r5:1)0.48:0.0104818157226,(r7:1,r1:1)0.45:0.00915768803455)0.43:0.00774092274444)0.64:0.0205646558279):0); 0.7126828814688351 0.6285714285714286 (r2:1,(r3:1,(r6:1,((r1:1,r7:1)0.43:0.00919791545356,(r5:1,(r4:1,r0:1)0.85:0.0484142949675)0.4:0.0062173334168)0.62:0.0258712020545)0.58:0.0235556929909):0); 0.788082298258851 0.7714285714285715
1000 1000.0 86 6.745799999999999 1.258 760 (r0:1,((r5:1,((r3:1,r6:1)0.8:0.0314587078178,(r7:1,(r4:1,r1:1)0.37:0.00290130762268)0.38:0.00325203538638)0.58:0.0173829795836)0.38:0.0035026305512,r2:1):0); 0.7640023801010768 0.7285714285714286 (r5:1,(r0:1,(((r1:1,r4:1)0.4:0.00654939345042,(r7:1,r2:1)0.49:0.0160141920497)0.48:0.0132627938784,(r3:1,r6:1)0.72:0.0352578893128)0.39:0.00722747350273):0); 0.8509707138200338 0.8285714285714285
1000 1000.0 87 6.774466666666667 1.253 733 (r1:1,((r4:1,((r6:1,r7:1)0.36:0.00216684808509,(r2:1,(r0:1,r5:1)0.39:0.00440529346792)0.68:0.0231173055867)0.49:0.0107973428132)0.42:0.00651468102119,r3:1):0); 0.6162381911795651 0.5857142857142856 (r5:1,(r2:1,(r0:1,((r1:1,(r3:1,(r4:1,r6:1)0.36:0.00210084110881)0.44:0.0103940583717)0.47:0.0154486677726,r7:1)0.54:0.0193784748373)0.35:0.00104986886284):0); 0.7716715230758092 0.7
1000 1000.0 88 7.097549999999999 1.268 776 (r4:1,(((r3:1,r7:1)0.34:0,(r1:1,(r5:1,(r6:1,r0:1)0.66:0.0226318004602)0.48:0.0104818157226)0.45:0.00978800636616)0.54:0.0150350392975,r2:1):0); 0.8110467671740422 0.7714285714285715 (r5:1,(r0:1,((r3:1,r6:1)0.37:0.00324149392417,((r4:1,(r1:1,r2:1)0.38:0.00486618965117)0.43:0.00950359438601,r7:1)0.66:0.028998018669)0.64:0.0286246893047):0); 0.7624089506795371 0.7142857142857143
1000 1000.0 89 6.6053500000000005 1.265 751 (r1:1,((r4:1,r6:1)0.41:0.00651468102119,((r2:1,(r0:1,r7:1)0.38:0.00410431528656)0.43:0.00714333509357,(r3:1,r5:1)0.5:0.0142536160115)0.38:0.0035026305512):0); 0.8490684979623659 0.7857142857142857 (r6:1,(r4:1,((r2:1,(r1:1,r0:1)0.79:0.043660936116)0.4:0.00639402465039,(r7:1,(r3:1,r5:1)0.54:0.0187383951932)0.44:0.00942554735011)0.53:0.0191990063361):0); 0.4684740022580534 0.4
1000 1000.0 8 6.748007142857142 1.287 743 (r6:1,(r3:1,(r0:1,(((r5:1,r7:1)0.64:0.0207558786988,(r1:1,r2:1)0.46:0.00991411772266)0.4:0.00525855725347,r4:1)0.41:0.00613767818921)0.46:0.0125661367045):0); 0.752192007347586 0.6714285714285715 (r0:1,(r1:1,((r4:1,((r6:1,r3:1)0.54:0.0201668884535,(r7:1,r5:1)0.9:0.0538331156876)0.42:0.00813996354601)0.51:0.0177357991405,r2:1)0.42:0.0103911243975):0); 0.39469965784292027 0.3142857142857143
1000 1000.0 90 6.843040476190477 1.27 765 (r5:1,((r3:1,r0:1)0.48:0.0119593405694,((r6:1,r7:1)0.55:0.0161131381431,((r2:1,r4:1)0.71:0.0260096633373,r1:1)0.58:0.0170018578106)0.38:0.00412939334201):0); 0.6403181093373392 0.5714285714285714 (r3:1,(r0:1,((r6:1,(r5:1,r7:1)0.4:0.00654836046697)0.41:0.00707322636027,((r4:1,r2:1)0.52:0.0208691518607,r1:1)0.59:0.0244521541151)0.81:0.0434531165471):0); 0.5949716617142429 0.4714285714285714
1000 1000.0 91 6.780742857142857 1.245 759 (r0:1,((r6:1,((r2:1,r1:1)0.4:0.00557244030322,(r3:1,r5:1)0.57:0.0161765919329)0.56:0.0154788215979)0.4:0.00538409865091,(r7:1,r4:1)0.46:0.0119593405694):0); 0.727511097431227 0.6428571428571428 (r2:1,((r6:1,r0:1)0.53:0.0180510316456,((r4:1,r7:1)0.68:0.0313983363234,(r1:1,(r3:1,r5:1)0.4:0.00651468102119)0.53:0.0188790444683)0.62:0.0278169573028):0); 0.8168048433245289 0.7571428571428571
1000 1000.0 92 6.679016666666667 1.224 762 (r5:1,((r7:1,(r0:1,r6:1)0.63:0.0201823197499)0.35:0.000687049151038,(r1:1,(r4:1,(r2:1,r3:1)0.71:0.0253946571678)0.46:0.00915768803455)0.61:0.0188240852456):0); 0.6585761351909795 0.6 (r6:1,(r0:1,(r5:1,(r7:1,(r1:1,(r4:1,(r3:1,r2:1)0.56:0.0205080042211)0.66:0.0284932096664)0.56:0.0211632771733)0.4:0.00709958746351)0.4:0.00627617122924):0); 0.7480930374767745 0.6571428571428571
1000 1000.0 93 6.895183333333333 1.234 735 (r2:1,(r6:1,((r4:1,(r0:1,(r7:1,r3:1)0.35:0.000499625291432)0.54:0.0163669774642)0.38:0.00312676134926,(r1:1,r5:1)0.42:0.00726911334668)0.46:0.00877968765205):0); 0.8773194537564184 0.8285714285714285 (r5:1,(r4:1,(r1:1,((r6:1,r2:1)0.74:0.0364562887946,(r0:1,(r3:1,r7:1)0.39:0.00505623952287)0.44:0.00964919767365)0.49:0.0159224947255)0.65:0.0334623773164):0); 0.8093488277241733 0.7857142857142857
1000 1000.0 94 6.591369047619048 1.268 757 (r4:1,((r6:1,(r1:1,(r3:1,r7:1)0.45:0.00832627571954)0.48:0.0110498361866)0.46:0.00953583135537,(r0:1,(r2:1,r5:1)0.55:0.0149970099769)0.37:0.00275103337189):0); 0.8476654972458683 0.7571428571428571 (r5:1,(r2:1,(r3:1,((r1:1,(r4:1,r7:1)0.39:0.00508722027366)0.46:0.0118054606403,(r0:1,r6:1)0.46:0.0121189911701)0.41:0.0089179492608)0.55:0.0198687854734):0); 0.8518818866548178 0.8
1000 1000.0 95 6.546283333333333 1.248 779 (r0:1,(((r3:1,r6:1)0.45:0.00877968765205,(r2:1,r4:1)0.45:0.00915768803455)0.48:0.0107973428132,(r1:1,(r7:1,r5:1)0.4:0.00561011289077)0.39:0.00463108656713):0); 0.741251060677422 0.7142857142857143 (r5:1,(r7:1,(r2:1,((r1:1,(r6:1,r4:1)0.38:0.00423281055262)0.45:0.0138901275535,(r3:1,r0:1)0.59:0.0238505441676)0.5:0.0158957517654)0.52:0.0165293019512):0); 0.7289253367707879 0.6857142857142857
1000 1000.0 96 6.882833333333333 1.273 750 (r6:1,(r1:1,((r5:1,(r3:1,r2:1)0.42:0.00681638565465)0.5:0.0124396904756,((r7:1,r4:1)0.52:0.0128696729036,r0:1)0.42:0.00651468102119)0.6:0.0195029718976):0); 0.8203459528966881 0.7571428571428571 (r4:1,((r7:1,r0:1)0.45:0.0138007387968,((r1:1,(r2:1,r5:1)0.59:0.0254825390612)0.44:0.0102019708035,(r6:1,r3:1)0.51:0.0161175650211)0.44:0.016854124807):0); 0.8656924005197847 0.8
1000 1000.0 97 6.819659523809524 1.273 791 (r2:1,((r3:1,((r0:1,r5:1)0.51:0.0147604155831,(r7:1,(r6:1,r4:1)0.53:0.017128882263)0.48:0.0124396904756)0.36:0.00149962537477)0.51:0.0131733012648,r1:1):0); 0.6244219276596281 0.5 (r0:1,(((r2:1,r1:1)0.52:0.0173222186044,(r7:1,(r6:1,r4:1)0.66:0.0289974265539)0.4:0.00791188077466)0.47:0.0130413392952,(r3:1,r5:1)0.7:0.0407577182178):0); 0.6910349047480469 0.5571428571428572
1000 1000.0 98 6.943090476190476 1.247 764 (r5:1,(r2:1,(r7:1,((r0:1,r6:1)0.63:0.0222231367847,(r3:1,(r1:1,r4:1)0.38:0.00320192388828)0.42:0.00664038022317)0.41:0.00601204215663)0.71:0.0257021129735):0); 0.8444258710544623 0.7714285714285715 (r0:1,(r6:1,((r5:1,r2:1)0.45:0.0114211652211,((r3:1,r7:1)0.35:0.000543980865288,(r4:1,r1:1)0.54:0.0195605258545)0.38:0.00505999610585)0.57:0.0220216152968):0); 0.8620901204996485 0.8285714285714285
1000 1000.0 99 6.560366666666667 1.282 757 (r3:1,(r6:1,((r5:1,(r1:1,(r7:1,r4:1)0.5:0.0122626926118)0.38:0.00312676134926)0.58:0.0164939212917,(r2:1,r0:1)0.39:0.00406669938255)0.49:0.0112392480633):0); 0.7835668406816522 0.6857142857142857 (r3:1,(r1:1,(r6:1,((r5:1,(r7:1,r4:1)0.82:0.044652695705)0.41:0.00702016553886,(r2:1,r0:1)0.41:0.00702990592826)0.43:0.0109818806295)0.54:0.0302398851897):0); 0.6938482934404988 0.6
1000 1000.0 9 6.549916666666666 1.246 740 (r4:1,(r2:1,((r0:1,r1:1)0.58:0.0199912065147,((r5:1,r7:1)0.38:0.00425479305376,(r3:1,r6:1)0.57:0.0167478573012)0.56:0.0154154120674)0.37:0.00312676134926):0); 0.5446173136883814 0.4285714285714286 (r1:1,(r6:1,(r7:1,((r3:1,(r5:1,r2:1)0.58:0.0230562995326)0.45:0.0113054773571,(r4:1,r0:1)0.54:0.0191521606961)0.49:0.017843618002)0.64:0.0272963160762):0); 0.799079423431366 0.7571428571428571
